POTID,CODE,URL,TIÊU ĐỀ,GIÁ,MÔ TẢ,CHẤT LIỆU,KIỂU DÁNG,GIA CỐ,QUY CÁCH SẢN PHẨM (RXC),TRỌNG LƯỢNG,MÀU SẮC,HOA VĂN,HỌA TIẾT,KÍCH THƯỚC,KÍCH THƯỚC 1 GL,KÍCH THƯỚC 3 GL,KÍCH THƯỚC 5 GL,KÍCH THƯỚC 7 GL,KÍCH THƯỚC 2 GL,KÍCH THƯỚC 4 GL,KÍCH THƯỚC 6 GL,KÍCH THƯỚC MIỆNG CHẬU,KÍCH THƯỚC ĐÁY CHẬU,CHIỀU CAO CHẬU,CHIỀU DÀI DÂY CHẬU,CÂN NẶNG,QUY CÁCH SẢN PHẨM,DUNG TÍCH
CCNPOT0000,XMDM018,https://mowgarden.com/chau-da-mai-granito-dang-tru-vot-mau-trang-xmdm018/,Chậu đá mài Granito dáng trụ vót màu trắng XMDM018,340000,,Bê tông sợi,Remy (Trụ bo tròn),"• Tấm lưới thủy tinh (GRC)
• Lót chống thấm bảo vệ 2 mặt",38x55x20 / 45x60x25 (DxC) (cm),/  (kg),Màu trắng,Granito / Tezzo,,,,,,,,,,,,,,,,
CCNPOT0001,XMDM017,https://mowgarden.com/chau-xi-mang-hinh-tru-vuong-van-soc-ngang-mau-den-xmdm017/,Chậu xi măng hình trụ vuông vân sọc ngang màu đen XMDM017,500000,,Bê tông sợi,Remy (Trụ bo tròn),"• Tấm lưới thủy tinh (GRC)
• Lót chống thấm bảo vệ 2 mặt",30×58 (cm),22  (kg),Màu trắng,Granito / Tezzo,,,,,,,,,,,,,,,,
CCNPOT0002,GOSU059,https://mowgarden.com/chau-gom-su-hinh-tru-hoa-tiet-geometric-gosu059/,Chậu gốm sứ hình trụ họa tiết Geometric GOSU059,80000,"Chậu gốm sứ hình trụ mang vẻ đẹp nổi bật bởi những đường nét hình học thú vị, chặt chẽ và thống nhất. Nét đẹp mang phong cách Geometric của chậu gốm sẽ là điểm nhấn tuyệt vời cho không gian sống, và là một “ngôi nhà” xinh xẻo cho ‘chiếc cây’ xanh xanh của bạn.",Gốm sứ,,,,,Màu trắng,,Trơn,13×13 / 20×18 / 25×24 cm (DxC),,,,,,,,,,,,,,
CCNPOT0003,GOSU057,https://mowgarden.com/chau-gom-su-hoa-tiet-la-monstera-co-dia-gosu057/,Chậu gốm sứ họa tiết lá Monstera có dĩa GOSU057,20000,"*Ghi chú: Sản phẩm là hàng thủ công mỹ nghệ nên không thể hoàn hảo tuyệt đối, thông số kích thước có thể sai sót 5% đến 10%",Gốm sứ,,,,,Màu trắng,,Trơn,11×10 / 14×13 / 17x16cm (DxC),,,,,,,,,,,,,,
CCNPOT0004,GOSU056,https://mowgarden.com/chau-gom-su-hoa-tiet-hoa-mau-trang-co-dia-gosu056/,Chậu gốm sứ họa tiết hoa màu trắng có dĩa GOSU056,20000,"*Ghi chú: Sản phẩm là hàng thủ công mỹ nghệ nên không thể hoàn hảo tuyệt đối, thông số kích thước có thể sai sót 5% đến 10%",Gốm sứ,,,,,Màu trắng,,Trơn,10×9 / 14×13 / 17x16cm (DxC),,,,,,,,,,,,,,
CCNPOT0005,GOSU055,https://mowgarden.com/chau-gom-su-vien-hoa-cuc-co-dia-mau-trang-gosu055/,Chậu gốm sứ viền hoa cúc có dĩa màu trắng GOSU055,20000,"*Ghi chú: Sản phẩm là hàng thủ công mỹ nghệ nên không thể hoàn hảo tuyệt đối, thông số kích thước có thể sai sót 5% đến 10%",Gốm sứ,,,,,Màu trắng,,Trơn,10×8.5 / 14×11.5 / 17×13.5cm (DxC),,,,,,,,,,,,,,
CCNPOT0006,GOSU054,https://mowgarden.com/chau-gom-su-hinh-tru-trung-mau-trang-gosu054/,Chậu gốm sứ hình trụ trứng màu trắng GOSU054,80000,"*Ghi chú: Sản phẩm là hàng thủ công mỹ nghệ nên không thể hoàn hảo tuyệt đối, thông số kích thước có thể sai sót 5% đến 10%",Gốm sứ,,,,,Màu trắng,,Trơn,"16×16 / 22,5×22,5 / 30x30cm (DxC)",,,,,,,,,,,,,,
CCNPOT0007,GOSU053,https://mowgarden.com/chau-gom-su-hinh-khoi-van-gon-song-mau-trang-gosu053/,Chậu gốm sứ hình khối vân gợn sóng màu trắng GOSU053,80000,"*Ghi chú: Sản phẩm là hàng thủ công mỹ nghệ nên không thể hoàn hảo tuyệt đối, thông số kích thước có thể sai sót 5% đến 10%",Gốm sứ,,,,,Màu trắng,,Gân sóng,15x15cm / 20×20 / 25×25 (DxC),,,,,,,,,,,,,,
CCNPOT0008,GOSU052,https://mowgarden.com/chau-gom-su-tru-tron-hoa-tiet-ke-soc-mau-trang-gosu052/,Chậu gốm sứ trụ tròn họa tiết kẻ sọc màu trắng GOSU052,100000,"*Ghi chú: Sản phẩm là hàng thủ công mỹ nghệ nên không thể hoàn hảo tuyệt đối, thông số kích thước có thể sai sót 5% đến 10%",Gốm sứ,,,,,Màu trắng,,Ô vuông nổi,20x18cm / 25×22 / 30×25 (DxC),,,,,,,,,,,,,,
CCNPOT0009,XMDM015,https://mowgarden.com/chau-da-mai-granito-dang-remy-mau-trang-xmdm015/,Chậu đá mài Granito cao cấp dáng Remy màu trắng XMDM015,360000,,Bê tông sợi,Remy (Trụ bo tròn),"• Tấm lưới thủy tinh (GRC)
• Lót chống thấm bảo vệ 2 mặt",43×38 / 30×27 (cm),/  (kg),Màu trắng,Granito / Tezzo,,,,,,,,,,,,,,,,
CCNPOT0010,DANU126,https://mowgarden.com/chau-dat-nung-wax-xam-hoa-tiet-hoa-danu126/,Chậu đất nung wax xám họa tiết hoa DANU126,60000,"*Ghi chú: Sản phẩm là hàng thủ công mỹ nghệ nên không thể hoàn hảo tuyệt đối, thông số kích thước có thể sai sót 5% đến 10%",Đất nung sơn,,,,,Xám xanh,,Hoa trang trí,30x30x20 / 20x20x15 / 18x18x12 cm,,,,,,,,,,,,,,
CCNPOT0011,GOSU051,https://mowgarden.com/chau-gom-su-hoa-tiet-tam-giac-mau-trang-gosu051/,Chậu gốm sứ họa tiết tam giác màu trắng GOSU051,100000,"*Ghi chú: Sản phẩm là hàng thủ công mỹ nghệ nên không thể hoàn hảo tuyệt đối, thông số kích thước có thể sai sót 5% đến 10%",Gốm sứ,,,,,Màu trắng,,Ô vuông nổi,20x18cm / 25×21 / 31×25 (DxC),,,,,,,,,,,,,,
CCNPOT0012,GOSU050,https://mowgarden.com/chau-gom-su-hoa-tiet-o-vuong-mau-trang-gosu050/,Chậu gốm sứ họa tiết ô vuông màu trắng GOSU050,100000,"*Ghi chú: Sản phẩm là hàng thủ công mỹ nghệ nên không thể hoàn hảo tuyệt đối, thông số kích thước có thể sai sót 5% đến 10%",Gốm sứ,,,,,Màu trắng,,Ô vuông nổi,20x18cm / 25×21 / 31×25 (DxC),,,,,,,,,,,,,,
CCNPOT0013,GOSU049,https://mowgarden.com/chau-gom-su-hoa-tiet-dan-may-mau-den-gosu049/,Chậu gốm sứ họa tiết đan mây màu đen GOSU049,160000,"*Ghi chú: Sản phẩm là hàng thủ công mỹ nghệ nên không thể hoàn hảo tuyệt đối, thông số kích thước có thể sai sót 5% đến 10%",Gốm sứ,,,,,Màu đen,,"Đan mây, gân chìm","13,5x13cm / 20×20 / 25×25 (DxC)",,,,,,,,,,,,,,
CCNPOT0014,GOSU048,https://mowgarden.com/chau-gom-su-hoa-tiet-tho-cam-mau-den-gosu048/,Chậu gốm sứ họa tiết thổ cẩm màu đen GOSU048,80000,"*Ghi chú: Sản phẩm là hàng thủ công mỹ nghệ nên không thể hoàn hảo tuyệt đối, thông số kích thước có thể sai sót 5% đến 10%",Gốm sứ,,,,,Màu đen,,"Thổ cẩm, gân chìm","13,5x13cm / 20×20 / 25×25 (DxC)",,,,,,,,,,,,,,
CCNPOT0015,XMDM014,https://mowgarden.com/chau-xi-mang-nhe-hinh-tru-vat-day-van-quan-roi-xmdm014/,Chậu xi măng nhẹ hình trụ vát đáy vân quấn rối XMDM014,220000,,Xi măng,Trụ tròn vát đáy,Tấm lưới thủy tinh / Kháng nước 2 mặt,"38,5×33 / 30×27 (cm)","4,5 / 3 (kg)",Wax đen,Dây quấn rối,,,,,,,,,,,,,,,,
CCNPOT0016,XMDM013,https://mowgarden.com/chau-xi-mang-da-mai-tru-tron-ve-zigzac-xmdm013/,Chậu xi măng đá mài trụ tròn vẽ zigzac XMDM013,320000,,"Xi măng, đá cẩm thạch",,Tấm lưới thủy tinh,30×30 (cm),,"Đen, Xám",,,,,,,,,,,,,,,,,
CCNPOT0017,XMDM012,https://mowgarden.com/chau-xi-mang-da-mai-tru-tron-dang-thap-xmdm012/,Chậu xi măng đá mài trụ tròn dáng thấp XMDM012,80000,,"Xi măng, đá cẩm thạch",,Tấm lưới thủy tinh,"• 20×20 (cm)
• 25×25 (cm)
• 30×30 (cm)
• 40×40 (cm)
• 50×50 (cm)",,"• Trắng
• Đen
• Xám",,,,,,,,,,,,,,,,,
CCNPOT0018,XMDM011,https://mowgarden.com/chau-xi-mang-hinh-giot-nuoc-son-decor-32x52cm-xmdm011/,Chậu xi măng hình giọt nước sơn decor 32x52cm XMDM011,440000,,"Xi măng, đá mài",,Tấm lưới thủy tinh,32x52cm (DxC),,Xám,,Thổ cẩm,,,,,,,,,,,,,,,
CCNPOT0019,XMDM010,https://mowgarden.com/chau-xi-mang-hinh-giot-nuoc-son-trang-tri-32x52cm-xmdm010/,Chậu xi măng hình giọt nước sơn decor 32x52cm XMDM010,480000,,"Xi măng, đá mài",,Tấm lưới thủy tinh,32x52cm (DxC),,Xanh dương / Vàng / Trắng,,Kẻ ngang,,,,,,,,,,,,,,,
CCNPOT0020,XMDM009,https://mowgarden.com/chau-xi-mang-hinh-giot-nuoc-32x52cm-xmdm009/,Chậu xi măng hình giọt nước 32x52cm XMDM009,340000,,"Xi măng, đá mài",,Tấm lưới thủy tinh,32x52cm (DxC),,Xám / Đen / Trắng,,Đá mài,,,,,,,,,,,,,,,
CCNPOT0021,40x40cm,https://mowgarden.com/chau-xi-mang-hinh-tru-son-hoa-tiet-40x40cm-xmdm008/,Chậu xi măng hình trụ sơn họa tiết 40x40cm XMDM008,520000,,"Xi măng, đá mài",,Tấm lưới thủy tinh,40×40 (cm),,"Màu trắng, xanh, vàng",,Kẻ ngang,,,,,,,,,,,,,,,
CCNPOT0022,XMDM007,https://mowgarden.com/chau-xi-mang-da-mai-dau-dan-hoa-tiet-29x39cm-xmdm007/,Chậu xi măng đá mài đầu đạn họa tiết 29x39cm XMDM007,320000,,"Xi măng, đá mài",,Tấm lưới thủy tinh,29×39 (cm),,Màu xám,,Đá mài,,,,,,,,,,,,,,,
CCNPOT0023,XMDM006,https://mowgarden.com/chau-xi-mang-da-mai-dau-dan-29x39cm-xmdm006/,Chậu xi măng đá mài đầu đạn 29x39cm XMDM006,240000,,"Xi măng, đá mài",,Tấm lưới thủy tinh,29×39 (cm),,Màu xám,,Đá mài,,,,,,,,,,,,,,,
CCNPOT0024,XMDM005,https://mowgarden.com/chau-xi-mang-da-mai-remy-hoa-tiet-zigzac-37x35cm-xmdm005/,Chậu xi măng đá mài Remy họa tiết zigzac 37x35cm XMDM005,420000,,"Xi măng, đá mài",,Tấm lưới thủy tinh,40×40 (cm),,Màu xám,,"Zig zac, đá mài",,,,,,,,,,,,,,,
CCNPOT0025,GOSU047,https://mowgarden.com/chau-gom-su-de-ban-mau-vang-vien-do-12x12cm-gosu047/,Chậu gốm sứ để bàn màu vàng viền đỏ 12x12cm GOSU047,90000,"*Ghi chú: Sản phẩm là hàng thủ công mỹ nghệ nên không thể hoàn hảo tuyệt đối, thông số kích thước có thể sai sót 5% đến 10%",Gốm sứ,,,,,"Đỏ, vàng",,Gân nổi,12x12cm (DxC),,,,,,,,,,,,,,
CCNPOT0026,GOSU046,https://mowgarden.com/chau-gom-su-de-banin-chu-tai-loc-12x12cm-gosu046/,Chậu gốm sứ để bàn in chữ “Tài Lộc” 12x12cm GOSU046,90000,"*Ghi chú: Sản phẩm là hàng thủ công mỹ nghệ nên không thể hoàn hảo tuyệt đối, thông số kích thước có thể sai sót 5% đến 10%",Gốm sứ,,,,,"Đỏ, vàng",,In chữ ‘tài lộc’,12x12cm (DxC),,,,,,,,,,,,,,
CCNPOT0027,XMDM004,https://mowgarden.com/chau-xi-mang-da-mai-remy-37x35cm-xmdm004/,Chậu xi măng đá mài Remy 37x35cm XMDM004,340000,,"Xi măng, đá mài",,Tấm lưới thủy tinh,40×40 (cm),,"• Trắng (+50k)
• Đen (+50k)
• Xám",,,,,,,,,,,,,,,,,
CCNPOT0028,XMDM003,https://mowgarden.com/chau-xi-mang-da-mai-hinh-tru-tron-40x40cm-xmdm003/,Chậu xi măng đá mài hình trụ tròn 40x40cm XMDM003,280000,,"Xi măng, đá mài",,Tấm lưới thủy tinh,40×40 (cm),,"• Trắng (+30k)
• Đen
• Xám",,,,,,,,,,,,,,,,,
CCNPOT0029,XMDM002,https://mowgarden.com/chau-xi-mang-da-mai-hinh-lu-34x42cm-xmdm002/,Chậu xi măng đá mài hình lu 34x42cm XMDM002,340000,,"Xi măng, đá mài",,Tấm lưới thủy tinh,34×42 (cm),,"• Trắng (+50k)
• Đen (+50k)
• Xám",,,,,,,,,,,,,,,,,
CCNPOT0030,XMDM001,https://mowgarden.com/chau-xi-mang-da-mai-hinh-giot-nuoc-20x35cm-xmdm001/,Chậu xi măng đá mài hình giọt nước 20x35cm XMDM001,180000,,Xi măng đá mài,,Khung sắt,• 20×35 (cm),,"• Trắng
• Đen
• Xám",,,,,,,,,,,,,,,,,
CCNPOT0031,DANU124,https://mowgarden.com/chau-dat-nung-tron-bau-hoa-tiet-hoa-cuc-danu124/,Chậu đất nung tròn bầu họa tiết hoa cúc DANU124,60000,"*Ghi chú: Sản phẩm là hàng thủ công mỹ nghệ nên không thể hoàn hảo tuyệt đối, thông số kích thước có thể sai sót 5% đến 10%",Đất nung sơn,,,,,Xanh,,Hoa cúc,32×25 / 19×16 / 16×13 cm(DxC),,,,,,,,,,,,,,
CCNPOT0032,DANU123,https://mowgarden.com/chau-dat-nung-tru-tron-vat-day-18x18cm-danu123/,Chậu đất nung trụ tròn vát đáy 18x18cm DANU123,45000,"*Ghi chú: Sản phẩm là hàng thủ công mỹ nghệ nên không thể hoàn hảo tuyệt đối, thông số kích thước có thể sai sót 5% đến 10%",Đất nung sơn,,,,,Màu mộc,,Sọc ngang,18×18 cm(DxC),,,,,,,,,,,,,,
CCNPOT0033,DANU122,https://mowgarden.com/chau-dat-nung-vat-day-son-nham-17x15cm-danu122/,Chậu đất nung vát đáy sơn nhám 17x15cm DANU122,30000,"*Ghi chú: Sản phẩm là hàng thủ công mỹ nghệ nên không thể hoàn hảo tuyệt đối, thông số kích thước có thể sai sót 5% đến 10%",Đất nung sơn,,,,,Đen nhám,,Trơn,17×15 cm(DxC),,,,,,,,,,,,,,
CCNPOT0034,DANU121,https://mowgarden.com/chau-dat-nung-wax-hoa-cuc-18x30-25x34cm-danu121/,Chậu đất nung wax hoa cúc 18×30-25x34cm DANU121,155000,"*Ghi chú: Sản phẩm là hàng thủ công mỹ nghệ nên không thể hoàn hảo tuyệt đối, thông số kích thước có thể sai sót 5% đến 10%",Đất nung sơn,,,,,Xanh,,Hoa cúc,18×30 / 25x34cm (DxC),,,,,,,,,,,,,,
CCNPOT0035,DANU120,https://mowgarden.com/chau-dat-nung-wax-mau-xanh-20x17cm-danu120/,Chậu đất nung wax màu xanh 20x17cm DANU120,100000,"*Ghi chú: Sản phẩm là hàng thủ công mỹ nghệ nên không thể hoàn hảo tuyệt đối, thông số kích thước có thể sai sót 5% đến 10%",Đất nung sơn,,,,,Xanh,,Gân kẻ ngang,20x17cm (DxC),,,,,,,,,,,,,,
CCNPOT0036,DANU119,https://mowgarden.com/chau-dat-nung-son-nham-cao-cap-co-dia-20x20cm-danu119/,Chậu đất nung sơn nhám cao cấp có dĩa 20x20cm DANU119,160000,"*Ghi chú: Sản phẩm là hàng thủ công mỹ nghệ nên không thể hoàn hảo tuyệt đối, thông số kích thước có thể sai sót 5% đến 10%",Đất nung sơn nhám,,,,,Xám,,Gân nổi,20x20cm (DxC),,,,,,,,,,,,,,
CCNPOT0037,DANU118,https://mowgarden.com/chau-dat-nung-hoa-tiet-vintage-25-17-14cm-danu118/,Chậu đất nung họa tiết Vintage 25×25-18×18-14x14cm DANU118,45000,"*Ghi chú: Sản phẩm là hàng thủ công mỹ nghệ nên không thể hoàn hảo tuyệt đối, thông số kích thước có thể sai sót 5% đến 10%",Đất nung sơn wax,,,,,Vàng kem,,Đa giác,15x14cm (DxC),,,,,,,,,,,,,,
CCNPOT0038,DANU117,https://mowgarden.com/chau-dat-nung-tru-tron-van-da-giac-15x14cm-danu117/,Chậu đất nung trụ tròn vân đa giác 15x14cm DANU117,45000,"*Ghi chú: Sản phẩm là hàng thủ công mỹ nghệ nên không thể hoàn hảo tuyệt đối, thông số kích thước có thể sai sót 5% đến 10%",Đất nung sơn wax,,,,,Vàng kem,,Đa giác,15x14cm (DxC),,,,,,,,,,,,,,
CCNPOT0039,GOSU045,https://mowgarden.com/chau-gom-su-hoa-tiet-hoa-cuc-20x18cm-gosu045/,Chậu gốm sứ họa tiết hoa cúc 20x18cm GOSU045,120000,"*Ghi chú: Sản phẩm là hàng thủ công mỹ nghệ nên không thể hoàn hảo tuyệt đối, thông số kích thước có thể sai sót 5% đến 10%",Gốm sứ,,,,,Xanh ngọc,,Hoa cúc,20x18cm (DxC),,,,,,,,,,,,,,
CCNPOT0040,DANU116,https://mowgarden.com/chau-dat-nung-van-tho-cam-son-mau-17x17cm-danu116/,Chậu đất nung vân thổ cẩm sơn màu 17x17cm DANU116,60000,"*Ghi chú: Sản phẩm là hàng thủ công mỹ nghệ nên không thể hoàn hảo tuyệt đối, thông số kích thước có thể sai sót 5% đến 10%",Đất nung sơn,,,,,Trắng / Xanh lá,,Thổ cẩm,17x17cm (DxC),,,,,,,,,,,,,,
CCNPOT0041,DANU115,https://mowgarden.com/chau-dat-nung-tru-tron-gan-ke-16x14cm-danu115/,Chậu đất nung trụ tròn gân kẻ 16x14cm DANU115,60000,"*Ghi chú: Sản phẩm là hàng thủ công mỹ nghệ nên không thể hoàn hảo tuyệt đối, thông số kích thước có thể sai sót 5% đến 10%",Đất nung sơn,,,,,Xanh dương,,Gân sọc kẻ,16x15cm (DxC),,,,,,,,,,,,,,
CCNPOT0042,GOSU044,https://mowgarden.com/chau-gom-su-hinh-da-giac-10x10cm-gosu044/,Chậu gốm sứ hình đa giác 10x10cm GOSU044,50000,"*Ghi chú: Sản phẩm là hàng thủ công mỹ nghệ nên không thể hoàn hảo tuyệt đối, thông số kích thước có thể sai sót 5% đến 10%",Gốm sứ,,,,,Hồng,,Trơn,10x10cm (DxC),,,,,,,,,,,,,,
CCNPOT0043,GOSU043,https://mowgarden.com/chau-gom-su-hoa-tiet-tho-cam-16x14-20x18cm-gosu043/,Chậu gốm sứ họa tiết thổ cẩm 16×14-20x18cm GOSU043,60000,"*Ghi chú: Sản phẩm là hàng thủ công mỹ nghệ nên không thể hoàn hảo tuyệt đối, thông số kích thước có thể sai sót 5% đến 10%",Gốm sứ,,,,,Xanh dương / Xanh ngọc,,Thổ cẩm,16×14 / 20x18cm (DxC),,,,,,,,,,,,,,
CCNPOT0044,GOSU042,https://mowgarden.com/chau-gom-su-hoa-tiet-tho-cam-20x18cm-gosu042/,Chậu gốm sứ họa tiết thổ cẩm 20x18cm GOSU042,120000,"*Ghi chú: Sản phẩm là hàng thủ công mỹ nghệ nên không thể hoàn hảo tuyệt đối, thông số kích thước có thể sai sót 5% đến 10%",Gốm sứ,,,,,Trắng,,Thổ cẩm,20x18cm (DxC),,,,,,,,,,,,,,
CCNPOT0045,GOSU041,https://mowgarden.com/chau-gom-gan-soc-doc-20x18cm-gosu041/,Chậu gốm gân sọc dọc 20x18cm GOSU041,120000,"*Ghi chú: Sản phẩm là hàng thủ công mỹ nghệ nên không thể hoàn hảo tuyệt đối, thông số kích thước có thể sai sót 5% đến 10%",Gốm sứ,,,,,Trắng,,Gân dọc,20x18cm (DxC),,,,,,,,,,,,,,
CCNPOT0046,GOSU040,https://mowgarden.com/chau-gom-hoa-tiet-giot-nuoc-20x18cm-gosu040/,Chậu gốm họa tiết giọt nước 20x18cm GOSU040,120000,"*Ghi chú: Sản phẩm là hàng thủ công mỹ nghệ nên không thể hoàn hảo tuyệt đối, thông số kích thước có thể sai sót 5% đến 10%",Gốm sứ,,,,,Trắng,,Giọt nước,20x18cm (DxC),,,,,,,,,,,,,,
CCNPOT0047,GOSU039,https://mowgarden.com/chau-gom-hoa-tiet-tam-giac-20x18cm-gosu039/,Chậu gốm họa tiết tam giác 20x18cm GOSU039,120000,"*Ghi chú: Sản phẩm là hàng thủ công mỹ nghệ nên không thể hoàn hảo tuyệt đối, thông số kích thước có thể sai sót 5% đến 10%",Gốm sứ,,,,,Trắng,,Tam giác,20x18cm (DxC),,,,,,,,,,,,,,
CCNPOT0048,GOSU038,https://mowgarden.com/chau-gom-vat-day-ghep-mosaic-18x15cm-gosu038/,Chậu gốm vát đáy ghép Mosaic 18x15cm GOSU038,100000,"*Ghi chú: Sản phẩm là hàng thủ công mỹ nghệ nên không thể hoàn hảo tuyệt đối, thông số kích thước có thể sai sót 5% đến 10%",Gốm sứ,,,,,Nhiều màu sắc,,Tam giác,18x15cm (DxC),,,,,,,,,,,,,,
CCNPOT0049,GOSU037,https://mowgarden.com/chau-gom-hoa-tiet-hinh-la-mau-trang-20x18cm-gosu037/,Chậu gốm họa tiết hình lá màu trắng 20x18cm GOSU037,120000,"*Ghi chú: Sản phẩm là hàng thủ công mỹ nghệ nên không thể hoàn hảo tuyệt đối, thông số kích thước có thể sai sót 5% đến 10%",Gốm sứ,,,,,Trắng,,Chiếc lá,20x18cm (DxC),,,,,,,,,,,,,,
CCNPOT0050,GOSU036,https://mowgarden.com/chau-gom-hinh-lu-men-ran-16x14cm-gosu036/,Chậu gốm hình lu men rạn 16x14cm GOSU036,90000,"*Ghi chú: Sản phẩm là hàng thủ công mỹ nghệ nên không thể hoàn hảo tuyệt đối, thông số kích thước có thể sai sót 5% đến 10%","Gốm men rạn, men nhám",,,,,Vàng kem,,"Trơn nhám, gân sọc",16x14cm (DxC),,,,,,,,,,,,,,
CCNPOT0051,DANU114,https://mowgarden.com/chau-dat-nung-hinh-loa-son-trang-tri-15x15cm-danu114/,Chậu đất nung hình loa sơn trang trí 15x15cm DANU114,60000,"*Ghi chú: Sản phẩm là hàng thủ công mỹ nghệ nên không thể hoàn hảo tuyệt đối, thông số kích thước có thể sai sót 5% đến 10%",Đất nung sơn,,,,,Nhiều màu sắc,,Gân hoa trang trí,15x15cm (DxC),,,,,,,,,,,,,,
CCNPOT0052,DANU113,https://mowgarden.com/chau-dat-nung-gan-soc-son-trang-16x145cm-danu113/,"Chậu đất nung gân sọc sơn trắng 16×14,5cm DANU113",50000,"*Ghi chú: Sản phẩm là hàng thủ công mỹ nghệ nên không thể hoàn hảo tuyệt đối, thông số kích thước có thể sai sót 5% đến 10%",Đất nung sơn,,,,,Trắng,,Gân sọc,"16×14,5cm (DxC)",,,,,,,,,,,,,,
CCNPOT0053,GOSU035,https://mowgarden.com/chau-gom-tru-tron-men-nham-125x11cm-gosu035/,"Chậu gốm trụ tròn men nhám 12,5x11cm GOSU035",45000,"*Ghi chú: Sản phẩm là hàng thủ công mỹ nghệ nên không thể hoàn hảo tuyệt đối, thông số kích thước có thể sai sót 5% đến 10%",Gốm sứ,,,,,Xanh dương,,Trơn nhám,"12,5x11cm (DxC)",,,,,,,,,,,,,,
CCNPOT0054,GOSU034,https://mowgarden.com/chau-gom-tru-tron-hoa-tiet-caro-20x20cm-gosu034/,Chậu gốm trụ tròn hoa tiết caro 25x24cm GOSU034,200000,"*Ghi chú: Sản phẩm là hàng thủ công mỹ nghệ nên không thể hoàn hảo tuyệt đối, thông số kích thước có thể sai sót 5% đến 10%",Gốm sứ,,,,,Xanh đại dương,,‘Caro’,25x24cm (DxC),,,,,,,,,,,,,,
CCNPOT0055,GOSU033,https://mowgarden.com/chau-gom-tru-tron-ghep-mosaic-nhiet-doi-20x18cm-gosu033/,Chậu gốm trụ tròn ghép Mosaic ‘nhiệt đới’ 20x18cm GOSU033,200000,"*Ghi chú: Sản phẩm là hàng thủ công mỹ nghệ nên không thể hoàn hảo tuyệt đối, thông số kích thước có thể sai sót 5% đến 10%",Gốm sứ,,,,,Nhiều màu sắc,,‘Nhiệt đới’,20x18cm (DxC),,,,,,,,,,,,,,
CCNPOT0056,GOSU032,https://mowgarden.com/chau-gom-su-ghep-mosaic-hinh-cau-vong-17x17cm-gosu032/,Chậu gốm sứ ghép Mosaic hình cầu vòng 17x17cm GOSU032,120000,"*Ghi chú: Sản phẩm là hàng thủ công mỹ nghệ nên không thể hoàn hảo tuyệt đối, thông số kích thước có thể sai sót 5% đến 10%",Gốm sứ,,,,,Nhiều màu sắc,,‘Cầu vòng’,17x17cm (DxC),,,,,,,,,,,,,,
CCNPOT0057,GOSU031,https://mowgarden.com/chau-gom-mini-hoa-tiet-nang-tho-11x9cm-gosu031/,Chậu gốm mini hoa tiết ‘nàng thơ’ 11x9cm GOSU031,150000,"*Ghi chú: Sản phẩm là hàng thủ công mỹ nghệ nên không thể hoàn hảo tuyệt đối, thông số kích thước có thể sai sót 5% đến 10%",Gốm sứ,,,,,Nâu,,‘Nàng thơ’,11x9cm (DxC),,,,,,,,,,,,,,
CCNPOT0058,DANU112,https://mowgarden.com/chau-dat-nung-co-go-son-vang-bong-13x13cm-danu112/,Chậu đất nung có gờ sơn vàng bóng 13x13cm DANU112,30000,"*Ghi chú: Sản phẩm là hàng thủ công mỹ nghệ nên không thể hoàn hảo tuyệt đối, thông số kích thước có thể sai sót 5% đến 10%",Đất nung sơn,,,,,Vàng sáng / Vàng đồng,,Trơn,13x13cm (DxC),,,,,,,,,,,,,,
CCNPOT0059,DANU111,https://mowgarden.com/chau-dat-nung-hinh-tru-hoa-tiet-hoa-danu111/,Chậu đất nung hình trụ họa tiết hoa DANU111,100000,"*Ghi chú: Sản phẩm là hàng thủ công mỹ nghệ nên không thể hoàn hảo tuyệt đối, thông số kích thước có thể sai sót 5% đến 10%",Đất nung sơn,,,,,Màu mộc,,Hoa cúc,20×20 / 25×25 / 30x30cm (DxC),,,,,,,,,,,,,,
CCNPOT0060,DANU110,https://mowgarden.com/chau-dat-nung-kim-cuong-wax-mau-xanh-danu110/,Chậu đất nung kim cương wax màu xanh DANU110,60000,"*Ghi chú: Sản phẩm là hàng thủ công mỹ nghệ nên không thể hoàn hảo tuyệt đối, thông số kích thước có thể sai sót 5% đến 10%",Gốm đất nung sơn,,,,,"Xanh lá, trắng",,Kim cương,16×16 / 24×20 / 30x25cm (DxC),,,,,,,,,,,,,,
CCNPOT0061,DANU109,https://mowgarden.com/chau-dat-nung-son-van-gia-da-co-dia-30x30-danu109/,Chậu đất nung sơn vân giả đá có đĩa 30×30 DANU109,250000,"*Ghi chú: Sản phẩm là hàng thủ công mỹ nghệ nên không thể hoàn hảo tuyệt đối, thông số kích thước có thể sai sót 5% đến 10%",Gốm đất nung sơn,,,,,Nâu / Trắng,,Giả đá,30x30cm (DxC),,,,,,,,,,,,,,
CCNPOT0062,DANU108,https://mowgarden.com/chau-dat-nung-son-van-gia-da-co-dia-25x25-danu108/,Chậu đất nung sơn vân giả đá có đĩa 25×25 DANU108,180000,"*Ghi chú: Sản phẩm là hàng thủ công mỹ nghệ nên không thể hoàn hảo tuyệt đối, thông số kích thước có thể sai sót 5% đến 10%",Gốm đất nung sơn,,,,,Nâu / Trắng,,Giả đá,25x25cm (DxC),,,,,,,,,,,,,,
CCNPOT0063,DANU107,https://mowgarden.com/chau-dat-nung-son-van-gia-da-co-dia-20x20-danu107/,Chậu đất nung sơn vân giả đá có đĩa 20×20 DANU107,125000,"*Ghi chú: Sản phẩm là hàng thủ công mỹ nghệ nên không thể hoàn hảo tuyệt đối, thông số kích thước có thể sai sót 5% đến 10%",Gốm đất nung sơn,,,,,Nâu / Trắng,,Giả đá,20x20cm (DxC),,,,,,,,,,,,,,
CCNPOT0064,DANU106,https://mowgarden.com/chau-dat-nung-qua-bong-son-nham-18x16-danu106/,Chậu đất nung quả bóng sơn nhám 18×16 DANU106,100000,"*Ghi chú: Sản phẩm là hàng thủ công mỹ nghệ nên không thể hoàn hảo tuyệt đối, thông số kích thước có thể sai sót 5% đến 10%",Gốm đất nung sơn,,,,,Đen,,Nhám,18x16cm (DxC),,,,,,,,,,,,,,
CCNPOT0065,DANU105,https://mowgarden.com/chau-dat-nung-de-ban-gan-soc-son-bong-17x17-danu105/,Chậu đất nung để bàn gân sọc sơn bóng 17×17 DANU105,60000,"*Ghi chú: Sản phẩm là hàng thủ công mỹ nghệ nên không thể hoàn hảo tuyệt đối, thông số kích thước có thể sai sót 5% đến 10%",Gốm đất nung sơn,,,,,Trắng / Đen,,Gân sọc,17x17cm (DxC),,,,,,,,,,,,,,
CCNPOT0066,DANU103,https://mowgarden.com/chau-dat-nung-van-noi-son-bong-17x17cm-danu103/,Chậu đất nung vân nổi sơn bóng 17x17cm DANU103,60000,"*Ghi chú: Sản phẩm là hàng thủ công mỹ nghệ nên không thể hoàn hảo tuyệt đối, thông số kích thước có thể sai sót 5% đến 10%",Đất nung sơn màu,,,,,Trắng / Đen,,Gân nổi,17×17 cm (DxC),,,,,,,,,,,,,,
CCNPOT0067,DANU104,https://mowgarden.com/chau-dat-nung-gan-soc-son-bong-17x17-danu104/,Chậu đất nung gân sọc sơn bóng 17×17 DANU104,60000,"*Ghi chú: Sản phẩm là hàng thủ công mỹ nghệ nên không thể hoàn hảo tuyệt đối, thông số kích thước có thể sai sót 5% đến 10%",Đất nung sơn bóng,,,,,Trắng / Đen / Xanh lá,,Gân sọc,17x17cm (DxC),,,,,,,,,,,,,,
CCNPOT0068,DANU102,https://mowgarden.com/chau-dat-nung-van-tam-giac-son-bong-17x17cm-danu102/,Chậu đất nung vân tam giác sơn bóng 17x17cm DANU102,60000,"*Ghi chú: Sản phẩm là hàng thủ công mỹ nghệ nên không thể hoàn hảo tuyệt đối, thông số kích thước có thể sai sót 5% đến 10%",Đất nung sơn màu,,,,,Trắng / Đen,,Gân tam giác,17×17 cm (DxC),,,,,,,,,,,,,,
CCNPOT0069,DANU101,https://mowgarden.com/chau-dat-nung-van-hoa-son-mau-18x16cm-danu101/,Chậu đất nung vân hoa sơn màu 18x16cm DANU101,60000,"*Ghi chú: Sản phẩm là hàng thủ công mỹ nghệ nên không thể hoàn hảo tuyệt đối, thông số kích thước có thể sai sót 5% đến 10%",Đất nung sơn màu,,,,,Xanh lá / Vàng / Cam,,Hoa thổ cẩm,18×16 cm (DxC),,,,,,,,,,,,,,
CCNPOT0070,DANU100,https://mowgarden.com/chau-dat-nung-son-den-bong-20x20cm-danu100/,Chậu đất nung sơn đen bóng 20x20cm DANU100,120000,"*Ghi chú: Sản phẩm là hàng thủ công mỹ nghệ nên không thể hoàn hảo tuyệt đối, thông số kích thước có thể sai sót 5% đến 10%",Đất nung sơn màu,,,,,Màu đen bóng,,Trơn,20×20 cm (DxC),,,,,,,,,,,,,,
CCNPOT0071,DANU099,https://mowgarden.com/chau-dat-nung-hoa-tiet-marble-22x18cm-danu099/,Chậu đất nung họa tiết Marble 22x18cm DANU099,80000,"*Ghi chú: Sản phẩm là hàng thủ công mỹ nghệ nên không thể hoàn hảo tuyệt đối, thông số kích thước có thể sai sót 5% đến 10%",Đất nung sơn màu,,,,,Màu mộc,,Marble,20×18 cm (DxC),,,,,,,,,,,,,,
CCNPOT0072,GOSU030,https://mowgarden.com/chau-gom-men-nham-van-gia-da-20x24cm-gosu030/,Chậu gốm men nhám vân giả đá 20x24cm GOSU030,250000,"*Ghi chú: Sản phẩm là hàng thủ công mỹ nghệ nên không thể hoàn hảo tuyệt đối, thông số kích thước có thể sai sót 5% đến 10%",Gốm sứ,,,,,Trắng,,Giả đá,26×20 / 18×16 / 12x10cm (DxC),,,,,,,,,,,,,,
CCNPOT0073,DANU098,https://mowgarden.com/chau-dat-nung-tron-son-trang-17x17cm-danu098/,Chậu đất nung trơn sơn trắng 17x17cm DANU098,60000,"*Ghi chú: Sản phẩm là hàng thủ công mỹ nghệ nên không thể hoàn hảo tuyệt đối, thông số kích thước có thể sai sót 5% đến 10%",Đất nung sơn màu,,,,,Màu trắng,,Trơn,17×17 cm (DxC),,,,,,,,,,,,,,
CCNPOT0074,DANU097,https://mowgarden.com/chau-dat-nung-gan-noi-son-xanh-17x17cm-danu097/,Chậu đất nung gân nổi sơn xanh có đĩa 17x17cm DANU097,90000,"*Ghi chú: Sản phẩm là hàng thủ công mỹ nghệ nên không thể hoàn hảo tuyệt đối, thông số kích thước có thể sai sót 5% đến 10%",Đất nung sơn màu,,,,,Màu trắng,,Gân chéo,17×17 cm (DxC),,,,,,,,,,,,,,
CCNPOT0075,DANU096,https://mowgarden.com/chau-dat-nung-gan-noi-son-trang-17x17cm-danu096/,Chậu đất nung gân nổi sơn trắng 17x17cm DANU096,60000,"*Ghi chú: Sản phẩm là hàng thủ công mỹ nghệ nên không thể hoàn hảo tuyệt đối, thông số kích thước có thể sai sót 5% đến 10%",Đất nung sơn màu,,,,,Màu trắng,,Gân chéo,17×17 cm (DxC),,,,,,,,,,,,,,
CCNPOT0076,GOSU029,https://mowgarden.com/chau-gom-su-gia-da-15x15-18x18-26x20cm-gosu029/,Chậu gốm sứ giả đá 15×15-18×18-26x20cm GOSU029,60000,"*Ghi chú: Sản phẩm là hàng thủ công mỹ nghệ nên không thể hoàn hảo tuyệt đối, thông số kích thước có thể sai sót 5% đến 10%",Gốm sứ,,,,,Trắng,,Giả đá,26×20 / 18×16 / 12x10cm (DxC),,,,,,,,,,,,,,
CCNPOT0077,GOSU028,https://mowgarden.com/chau-gom-su-tru-tron-15x15-18x18cm-gosu028/,Chậu gốm sứ trụ tròn 15×15-18x18cm GOSU028,60000,"*Ghi chú: Sản phẩm là hàng thủ công mỹ nghệ nên không thể hoàn hảo tuyệt đối, thông số kích thước có thể sai sót 5% đến 10%",Gốm sứ,,,,,Trắng,,Trơn,15×15 / 18×18 cm (DxC),,,,,,,,,,,,,,
CCNPOT0078,GOSU027,https://mowgarden.com/chau-gom-su-de-ban-mat-nguoi-15x15cm-gosu027/,Chậu gốm sứ để bàn mặt người 15x15cm GOSU027,90000,"*Ghi chú: Sản phẩm là hàng thủ công mỹ nghệ nên không thể hoàn hảo tuyệt đối, thông số kích thước có thể sai sót 5% đến 10%",Gốm sứ,,,,,Trắng / Xanh dương,,Mặt người,15×15 cm (DxC),,,,,,,,,,,,,,
CCNPOT0079,DANU095,https://mowgarden.com/chau-dat-nung-van-quan-roi-18x16cm-danu095/,Chậu đất nung vân quấn rối 18x16cm DANU095,60000,"*Ghi chú: Sản phẩm là hàng thủ công mỹ nghệ nên không thể hoàn hảo tuyệt đối, thông số kích thước có thể sai sót 5% đến 10%",Đất nung sơn màu,,,,,Màu mộc,,Gân sọc dọc,18×18 cm (DxC),,,,,,,,,,,,,,
CCNPOT0080,DANU094,https://mowgarden.com/chau-dat-nung-son-gia-da-gan-soc-18x17cm-danu094/,Chậu đất nung sơn giả đá gân sọc 18x17cm DANU094,60000,"*Ghi chú: Sản phẩm là hàng thủ công mỹ nghệ nên không thể hoàn hảo tuyệt đối, thông số kích thước có thể sai sót 5% đến 10%",Đất nung sơn màu,,,,,Màu kem,,Gân sọc dọc,18×18 cm (DxC),,,,,,,,,,,,,,
CCNPOT0081,DANU093,https://mowgarden.com/chau-dat-nung-son-xam-soc-ngang-125x9cm-danu093/,"Chậu đất nung sơn xám wax sọc ngang 12,5x9cm DANU093",30000,"*Ghi chú: Sản phẩm là hàng thủ công mỹ nghệ nên không thể hoàn hảo tuyệt đối, thông số kích thước có thể sai sót 5% đến 10%",Đất nung sơn màu,,,,,"Màu xám, trắng",,Gân sọc ngang,"12,5×9 cm (DxC)",,,,,,,,,,,,,,
CCNPOT0082,GOSU026,https://mowgarden.com/chau-gom-su-tru-tron-33x45cm-gosu026/,Chậu gốm sứ trụ tròn 33x45cm GOSU026,350000,"*Ghi chú: Sản phẩm là hàng thủ công mỹ nghệ nên không thể hoàn hảo tuyệt đối, thông số kích thước có thể sai sót 5% đến 10%",Gốm sứ,,,,,Trắng,,Trơn,33×45 cm (DxC),,,,,,,,,,,,,,
CCNPOT0083,GOSU025,https://mowgarden.com/chau-gom-su-tru-tron-nho-in-hinh-cute-10x11cm-gosu025/,Chậu gốm sứ trụ tròn nhỏ in hình cute 10x11cm GOSU025,50000,"*Ghi chú: Sản phẩm là hàng thủ công mỹ nghệ nên không thể hoàn hảo tuyệt đối, thông số kích thước có thể sai sót 5% đến 10%",Gốm sứ,,,,,Trắng,,Hình cute,10×11 cm (DxC),,,,,,,,,,,,,,
CCNPOT0084,GOSU024,https://mowgarden.com/chau-gom-su-nho-hinh-bong-hoa-12x9cm-gosu024/,Chậu gốm sứ nhỏ hình bông hoa 12x9cm GOSU024,50000,"*Ghi chú: Sản phẩm là hàng thủ công mỹ nghệ nên không thể hoàn hảo tuyệt đối, thông số kích thước có thể sai sót 5% đến 10%",Gốm sứ,,,,,Trắng,,Hình bông hoa,12×9 cm (DxC),,,,,,,,,,,,,,
CCNPOT0085,GOSU023,https://mowgarden.com/chau-gom-su-nho-hinh-co-gai-cute-12x9cm-gosu023/,Chậu gốm sứ nhỏ hình cô gái cute 12x9cm GOSU023,50000,"*Ghi chú: Sản phẩm là hàng thủ công mỹ nghệ nên không thể hoàn hảo tuyệt đối, thông số kích thước có thể sai sót 5% đến 10%",Gốm sứ,,,,,Trắng,,Hình cô giá cute,12×9 cm (DxC),,,,,,,,,,,,,,
CCNPOT0086,GOSU022,https://mowgarden.com/chau-gom-su-nho-hinh-cau-vong-12x9cm-gosu022/,Chậu gốm sứ nhỏ hình cầu vòng 12x9cm GOSU022,50000,"*Ghi chú: Sản phẩm là hàng thủ công mỹ nghệ nên không thể hoàn hảo tuyệt đối, thông số kích thước có thể sai sót 5% đến 10%",Gốm sứ,,,,,Trắng,,Hình mèo chiêu tài,12×9 cm (DxC),,,,,,,,,,,,,,
CCNPOT0087,GOSU021,https://mowgarden.com/chau-gom-su-nho-cau-noi-tieng-anh-y-nghia-12x9cm-gosu021/,Chậu gốm sứ nhỏ câu nói Tiếng Anh 12x9cm GOSU021,50000,"*Ghi chú: Sản phẩm là hàng thủ công mỹ nghệ nên không thể hoàn hảo tuyệt đối, thông số kích thước có thể sai sót 5% đến 10%",Gốm sứ,,,,,Trắng,,Câu nói tiếng anh,12×9 cm (DxC),,,,,,,,,,,,,,
CCNPOT0088,GOSU020,https://mowgarden.com/chau-gom-su-nho-cau-noi-y-nghia-12x9cm-gosu020/,Chậu gốm sứ nhỏ câu nói ý nghĩa 12x9cm GOSU020,50000,"*Ghi chú: Sản phẩm là hàng thủ công mỹ nghệ nên không thể hoàn hảo tuyệt đối, thông số kích thước có thể sai sót 5% đến 10%",Gốm sứ,,,,,Trắng,,Câu nói ý nghĩa,12×9 cm (DxC),,,,,,,,,,,,,,
CCNPOT0089,GOSU019,https://mowgarden.com/chau-gom-su-nho-hinh-meo-chieu-tai-12x9cm-gosu019/,Chậu gốm sứ nhỏ hình mèo chiêu tài 12x9cm GOSU019,50000,"*Ghi chú: Sản phẩm là hàng thủ công mỹ nghệ nên không thể hoàn hảo tuyệt đối, thông số kích thước có thể sai sót 5% đến 10%",Gốm sứ,,,,,Trắng,,Hình mèo chiêu tài,12×9 cm (DxC),,,,,,,,,,,,,,
CCNPOT0090,GOSU018,https://mowgarden.com/chau-gom-su-nho-hinh-totoro-12x9cm-gosu018/,Chậu gốm sứ nhỏ hình Totoro 12x9cm GOSU018,50000,"*Ghi chú: Sản phẩm là hàng thủ công mỹ nghệ nên không thể hoàn hảo tuyệt đối, thông số kích thước có thể sai sót 5% đến 10%",Gốm sứ,,,,,Trắng,,Hình thú cưng,12×9 cm (DxC),,,,,,,,,,,,,,
CCNPOT0091,GOSU017,https://mowgarden.com/chau-gom-su-nho-hinh-thu-cung-12x9cm-gosu017/,Chậu gốm sứ nhỏ hình thú cưng 12x9cm GOSU017,50000,"*Ghi chú: Sản phẩm là hàng thủ công mỹ nghệ nên không thể hoàn hảo tuyệt đối, thông số kích thước có thể sai sót 5% đến 10%",Gốm sứ,,,,,Trắng,,Hình thú cưng,12×9 cm (DxC),,,,,,,,,,,,,,
CCNPOT0092,GOSU016,https://mowgarden.com/chau-gom-su-every-day-12x9cm-gosu016/,Chậu gốm sứ nhỏ Every Day 12x9cm GOSU016,50000,"*Ghi chú: Sản phẩm là hàng thủ công mỹ nghệ nên không thể hoàn hảo tuyệt đối, thông số kích thước có thể sai sót 5% đến 10%",Gốm sứ,,,,,Trắng,,Hình chiếc lá,12×9 cm (DxC),,,,,,,,,,,,,,
CCNPOT0093,GOSU015,https://mowgarden.com/chau-gom-su-hinh-meo-than-tai-co-dia-14x14cm-gosu015/,Chậu gốm sứ hình mèo thần tài có đĩa 14x14cm GOSU015,65000,"*Ghi chú: Sản phẩm là hàng thủ công mỹ nghệ nên không thể hoàn hảo tuyệt đối, thông số kích thước có thể sai sót 5% đến 10%",Gốm sứ,,,,,Trắng,,Hình mèo thần tài,14×14 cm (DxC),,,,,,,,,,,,,,
CCNPOT0094,GOSU014,https://mowgarden.com/chau-gom-hinh-tru-trang-men-mau-trang-gosu013/,Chậu gốm sứ in hình chiếc là có đĩa 3 kích thước GOSU014,25000,"*Ghi chú: Sản phẩm là hàng thủ công mỹ nghệ nên không thể hoàn hảo tuyệt đối, thông số kích thước có thể sai sót 5% đến 10%",Gốm sứ,,,,,Trắng,,Hình chiếc lá,18×16 / 14×13 / 10×10 cm (DxC),,,,,,,,,,,,,,
CCNPOT0095,DANU092,https://mowgarden.com/chau-dat-nung-hinh-tru-son-ngoi-nha-16x16cm-danu092/,Chậu đất nung hình trụ sơn ngôi nhà 16x16cm DANU092,60000,"*Ghi chú: Sản phẩm là hàng thủ công mỹ nghệ nên không thể hoàn hảo tuyệt đối, thông số kích thước có thể sai sót 5% đến 10%",Đất nung sơn,,,,,Màu mộc,,Sơn ngôi nhà,16×16 cm (DxC),,,,,,,,,,,,,,
CCNPOT0096,DANU091,https://mowgarden.com/chau-dat-nung-van-chiec-la-mau-moc-12x11cm-danu091/,Chậu đất nung vân chiếc lá màu mộc 12x11cm DANU091,25000,"*Ghi chú: Sản phẩm là hàng thủ công mỹ nghệ nên không thể hoàn hảo tuyệt đối, thông số kích thước có thể sai sót 5% đến 10%",Đất nung sơn,,,,,Màu mộc,,Vân lá,12×11 cm (DxC),,,,,,,,,,,,,,
CCNPOT0097,DANU090,https://mowgarden.com/chau-dat-nung-vat-day-go-cao-mau-moc-danu090/,Chậu đất nung vát đáy gờ cao màu mộc 15×15 – 20x20cm DANU090,45000,"*Ghi chú: Sản phẩm là hàng thủ công mỹ nghệ nên không thể hoàn hảo tuyệt đối, thông số kích thước có thể sai sót 5% đến 10%",Đất nung mộc,,,,,Màu mộc,,Trơn,15×15 cm (DxC),,,,,,,,,,,,,,
CCNPOT0098,DANU089,https://mowgarden.com/chau-dat-nung-vat-day-son-mau-kem-15x13cm-danu089/,Chậu đất nung vát đáy sơn màu kem 15x13cm DANU089,50000,"*Ghi chú: Sản phẩm là hàng thủ công mỹ nghệ nên không thể hoàn hảo tuyệt đối, thông số kích thước có thể sai sót 5% đến 10%",Đất nung sơn,,,,,Trắng kem,,Trơn,15×13 cm (DxC),,,,,,,,,,,,,,
CCNPOT0099,DANU088,https://mowgarden.com/chau-dat-nung-son-trang-den-co-dia-15x14cm-danu088/,Chậu đất nung sơn trắng đen có đĩa 15x14cm DANU088,90000,"*Ghi chú: Sản phẩm là hàng thủ công mỹ nghệ nên không thể hoàn hảo tuyệt đối, thông số kích thước có thể sai sót 5% đến 10%",Đất nung sơn,,,,,"Trắng, đen",,Gân sóng ngang,15×14 cm (DxC),,,,,,,,,,,,,,
CCNPOT0100,GOSU013,https://mowgarden.com/chau-gom-trang-men-van-gia-da-3-kich-thuoc-gosu013/,Chậu gốm tráng men vân giả đá 3 kích thước GOSU013,180000,"*Ghi chú: Sản phẩm là hàng thủ công mỹ nghệ nên không thể hoàn hảo tuyệt đối, thông số kích thước có thể sai sót 5% đến 10%",Gốm tráng men,,,,,Trắng,,"Sọc dọc, vân đá",18×16 / 14×13 / 10×10 cm (DxC),,,,,,,,,,,,,,
CCNPOT0101,DANU087,https://mowgarden.com/chau-dat-nung-son-den-vien-dong-15x13cm-danu087/,Chậu đất nung sơn đen viền đồng 15x13cm DANU087,50000,"*Ghi chú: Sản phẩm là hàng thủ công mỹ nghệ nên không thể hoàn hảo tuyệt đối, thông số kích thước có thể sai sót 5% đến 10%",Đất nung sơn,,,,,"Trắng, vàng đồng / Đen, vàng đồng",,Viền vàng đồng,14×13 cm (DxC),,,,,,,,,,,,,,
CCNPOT0102,DANU086,https://mowgarden.com/chau-dat-nung-son-den-van-soc-14x13cm-danu086/,Chậu đất nung sơn đen vân sọc 14x13cm DANU086,50000,"*Ghi chú: Sản phẩm là hàng thủ công mỹ nghệ nên không thể hoàn hảo tuyệt đối, thông số kích thước có thể sai sót 5% đến 10%",Đất nung sơn,,,,,"Trắng, đen",,Sọc dọc,14×13 cm (DxC),,,,,,,,,,,,,,
CCNPOT0103,DANU085,https://mowgarden.com/chau-dat-nung-son-gia-da-hoa-tiet-tho-cam-15x13cm-danu085/,Chậu đất nung sơn giả đá họa tiết thổ cẩm 15x13cm DANU085,60000,"*Ghi chú: Sản phẩm là hàng thủ công mỹ nghệ nên không thể hoàn hảo tuyệt đối, thông số kích thước có thể sai sót 5% đến 10%",Đất nung sơn,,,,,"Trắng, đen",,"Thổ cẩm, giả đá",15×13 cm (DxC),,,,,,,,,,,,,,
CCNPOT0104,DANU083,https://mowgarden.com/chau-dat-nung-hinh-trung-son-xam-bong-14x14cm-danu084/,Chậu đất nung hình trứng sơn xám bóng 14x14cm DANU084,90000,"*Ghi chú: Sản phẩm là hàng thủ công mỹ nghệ nên không thể hoàn hảo tuyệt đối, thông số kích thước có thể sai sót 5% đến 10%",Đất nung sơn,,,,,Xám bóng,,Trơn,14×14 cm (DxC),,,,,,,,,,,,,,
CCNPOT0105,DANU082-1,https://mowgarden.com/chau-dat-nung-son-gia-da-gom-dia-14x15cm-danu083/,Chậu đất nung sơn giả đá gồm dĩa 14x15cm DANU083,60000,"*Ghi chú: Sản phẩm là hàng thủ công mỹ nghệ nên không thể hoàn hảo tuyệt đối, thông số kích thước có thể sai sót 5% đến 10%",Đất nung sơn,,,,,Wax nâu,,Giả đá mài,14×15 cm (DxC),,,,,,,,,,,,,,
CCNPOT0106,DANU082,https://mowgarden.com/chau-dat-nung-vat-day-gan-song-wax-xam-14x13cm-danu082/,Chậu đất nung vát đáy gân sóng wax xám 14x13cm DANU082,50000,"*Ghi chú: Sản phẩm là hàng thủ công mỹ nghệ nên không thể hoàn hảo tuyệt đối, thông số kích thước có thể sai sót 5% đến 10%",Đất nung sơn,,,,,Wax xám,,Gân sóng,14×13 cm (DxC),,,,,,,,,,,,,,
CCNPOT0107,DANU081,https://mowgarden.com/chau-dat-nung-vat-day-van-tho-cam-danu081/,Chậu đất nung vân thổ cẩm 14×13 – 19x18cm DANU081,50000,"*Ghi chú: Sản phẩm là hàng thủ công mỹ nghệ nên không thể hoàn hảo tuyệt đối, thông số kích thước có thể sai sót 5% đến 10%",Đất nung sơn,,,,,Nâu viền vàng,,Thổ cẩm,14×13 / 19×18 cm (DxC),,,,,,,,,,,,,,
CCNPOT0108,DANU080,https://mowgarden.com/chau-dat-nung-hinh-trung-son-mau-xam-14x13cm-danu080/,Chậu đất nung hình trứng sơn màu xám 14x13cm DANU080,50000,"*Ghi chú: Sản phẩm là hàng thủ công mỹ nghệ nên không thể hoàn hảo tuyệt đối, thông số kích thước có thể sai sót 5% đến 10%",Đất núng sơn,,,,,Xám khói,,Xám khói,14×13 cm (DxC),,,,,,,,,,,,,,
CCNPOT0109,DANU079,https://mowgarden.com/chau-dat-nung-vat-day-son-mau-dong-12x11cm-danu079/,Chậu đất nung vát đáy sơn màu đồng 12x11cm DANU079,50000,"*Ghi chú: Sản phẩm là hàng thủ công mỹ nghệ nên không thể hoàn hảo tuyệt đối, thông số kích thước có thể sai sót 5% đến 10%",Gốm tráng men,,,,,"Xám khói, đồng",,Vân khói,12×11 cm (DxC),,,,,,,,,,,,,,
CCNPOT0110,DANU078,https://mowgarden.com/chau-dat-nung-son-trang-wax-luoi-14x13cm-gosu014/,Chậu đất nung sơn trắng wax lưới 14x13cm GOSU014,50000,"*Ghi chú: Sản phẩm là hàng thủ công mỹ nghệ nên không thể hoàn hảo tuyệt đối, thông số kích thước có thể sai sót 5% đến 10%","Đất nung, sơn chống thấm",,,,,"Trắng, xám",,"Sọc dọc, vân đá",14×13 cm (DxC),,,,,,,,,,,,,,
CCNPOT0111,GOSU012,https://mowgarden.com/chau-tru-trang-men-de-ban-mau-den-tron-gosu012/,Chậu trụ tráng men để bàn màu đen trơn GOSU012,80000,"*Ghi chú: Sản phẩm là hàng thủ công mỹ nghệ nên không thể hoàn hảo tuyệt đối, thông số kích thước có thể sai sót 5% đến 10%",Đất nung tráng men,,,,,Đen,,Trơn,16x14cm (DxC),,,,,,,,,,,,,,
CCNPOT0112,GOSU011,https://mowgarden.com/chau-su-trang-de-ban-gan-song-noi-gosu011/,Chậu sứ trắng để bàn gân sóng nổi GOSU011,60000,"*Ghi chú: Sản phẩm là hàng thủ công mỹ nghệ nên không thể hoàn hảo tuyệt đối, thông số kích thước có thể sai sót 5% đến 10%",Gốm sứ,,,,,Trắng,,Gân sọc,16x14cm (DxC),,,,,,,,,,,,,,
CCNPOT0113,GOSU008,https://mowgarden.com/chau-su-trang-de-ban-tron-bau-gosu008/,Chậu sứ trắng để bàn tròn bầu GOSU008,80000,"*Ghi chú: Sản phẩm là hàng thủ công mỹ nghệ nên không thể hoàn hảo tuyệt đối, thông số kích thước có thể thay đổi 5% đến 10%",Gốm sứ,,,,,Trắng,,Gân tổ ong,16x14cm (DxC),,,,,,,,,,,,,,
CCNPOT0114,GOSU007,https://mowgarden.com/chau-men-su-trang-de-ban-gan-to-ong-gosu007/,Chậu men sứ trắng để bàn gân tổ ong GOSU007,45000,"*Ghi chú: Sản phẩm là hàng thủ công mỹ nghệ nên không thể hoàn hảo tuyệt đối, thông số kích thước có thể sai sót 5% đến 10%",Gốm sứ,,,,,Trắng,,Gân tổ ong,24x18cm (DxC),,,,,,,,,,,,,,
CCNPOT0115,GOSU005,https://mowgarden.com/chau-men-su-hinh-da-giac-de-ban-gosu005/,Chậu men sứ hình đa giác để bàn GOSU005,60000,"*Ghi chú: Sản phẩm là hàng thủ công mỹ nghệ nên không thể hoàn hảo tuyệt đối, thông số kích thước có thể sai sót 5% đến 10%",Gốm sứ,,,,,Trắng,,Gân dọc,24x18cm (DxC),,,,,,,,,,,,,,
CCNPOT0116,GOSU006,https://mowgarden.com/chau-men-su-trang-de-ban-gan-doc-gosu006/,Chậu men sứ trắng để bàn gân dọc GOSU006,60000,"*Ghi chú: Sản phẩm là hàng thủ công mỹ nghệ nên không thể hoàn hảo tuyệt đối, thông số kích thước có thể sai sót 5% đến 10%",Gốm sứ,,,,,Trắng,,Gân dọc,24x18cm (DxC),,,,,,,,,,,,,,
CCNPOT0117,GOSU004,https://mowgarden.com/chau-men-su-trang-de-ban-gan-gon-song-gosu004/,Chậu men sứ trắng để bàn gân gợn sóng GOSU004,60000,"*Ghi chú: Sản phẩm là hàng thủ công mỹ nghệ nên không thể hoàn hảo tuyệt đối, thông số kích thước có thể sai sót 5% đến 10%",Gốm sứ,,,,,Trắng,,Gân cong,24x18cm (DxC),,,,,,,,,,,,,,
CCNPOT0118,GOSU003,https://mowgarden.com/chau-men-su-trang-de-ban-gan-cong-gosu003/,Chậu men sứ trắng để bàn gân cong GOSU003,60000,"*Ghi chú: Sản phẩm là hàng thủ công mỹ nghệ nên không thể hoàn hảo tuyệt đối, thông số kích thước có thể sai sót 5% đến 10%",Gốm sứ,,,,,Trắng,,Gân cong,24x18cm (DxC),,,,,,,,,,,,,,
CCNPOT0119,GOSU002,https://mowgarden.com/chau-men-su-trang-de-ban-gan-doc-gosu002/,Chậu men sứ trắng để bàn gân dọc GOSU002,60000,"*Ghi chú: Sản phẩm là hàng thủ công mỹ nghệ nên không thể hoàn hảo tuyệt đối, thông số kích thước có thể sai sót 5% đến 10%",Gốm sứ,,,,,Trắng,,Gân dọc,24x18cm (DxC),,,,,,,,,,,,,,
CCNPOT0120,GOSU001,https://mowgarden.com/chau-men-su-trang-van-soc-ngang-gosu001/,Chậu men sứ trắng vân sọc ngang GOSU001,60000,"*Ghi chú: Sản phẩm là hàng thủ công mỹ nghệ nên không thể hoàn hảo tuyệt đối, thông số kích thước có thể sai sót 5% đến 10%",Gốm sứ,,,,,Trắng,,Sọc ngang,32x25cm / 24x18cm (DxC),,,,,,,,,,,,,,
CCNPOT0121,DANU077,https://mowgarden.com/chau-dat-nung-tron-wax-mau-hoa-tiet-hoa-cuc-danu077/,Chậu đất nung tròn wax màu họa tiết hoa cúc DANU077,145000,"*Ghi chú: Sản phẩm là hàng thủ công mỹ nghệ nên không thể hoàn hảo tuyệt đối, thông số kích thước có thể sai sót 5% đến 10%",Đất nung,,,,,Xanh ngọc,,Hoa hồng,32x25cm / 24x18cm (DxC),,,,,,,,,,,,,,
CCNPOT0122,DANU076,https://mowgarden.com/chau-dat-nung-tru-tron-hoa-tiet-tho-cam-danu076/,Chậu đất nung trụ tròn họa tiết thổ cẩm DANU076,85000,"*Ghi chú: Sản phẩm là hàng thủ công mỹ nghệ nên không thể hoàn hảo tuyệt đối, thông số kích thước có thể sai sót 5% đến 10%",Đất nung,,,,,"Nâu đất, trắng",,Thổ cẩm,25x20cm / 18x15cm,,,,,,,,,,,,,,
CCNPOT0123,DANU075,https://mowgarden.com/chau-dat-nung-tru-tron-khuyet-day-soc-doc-danu075/,Chậu đất nung trụ tròn khuyết đáy sọc dọc DANU075,275000,"*Ghi chú: Sản phẩm là hàng thủ công mỹ nghệ nên không thể hoàn hảo tuyệt đối, thông số kích thước có thể sai sót 5% đến 10%",Đất nung,,,,,Nâu đất,,Sọc dọc,35x24cm,,,,,,,,,,,,,,
CCNPOT0124,DANU074,https://mowgarden.com/chau-dat-nung-tru-tron-wax-soc-doc-danu074/,Chậu đất nung trụ tròn wax sọc dọc DANU074,145000,"*Ghi chú: Sản phẩm là hàng thủ công mỹ nghệ nên không thể hoàn hảo tuyệt đối, thông số kích thước có thể sai sót 5% đến 10%",Đất nung,,,,,Wax màu xám,,Kẻ xiên,25x20cm / 18x15cm,,,,,,,,,,,,,,
CCNPOT0125,DANU073,https://mowgarden.com/chau-dat-nung-tru-tron-hoa-tiet-ke-xien-wax-mau-danu073/,Chậu đất nung trụ tròn họa tiết kẻ xiên wax màu DANU073,145000,"*Ghi chú: Sản phẩm là hàng thủ công mỹ nghệ nên không thể hoàn hảo tuyệt đối, thông số kích thước có thể sai sót 5% đến 10%",Đất nung,,,,,Wax màu xám,,Kẻ xiên,25x20cm,,,,,,,,,,,,,,
CCNPOT0126,DANU072,https://mowgarden.com/chau-dat-nung-tru-tron-hoa-tiet-ke-xien-danu072/,Chậu đất nung trụ tròn họa tiết kẻ xiên DANU072,125000,"*Ghi chú: Sản phẩm là hàng thủ công mỹ nghệ nên không thể hoàn hảo tuyệt đối, thông số kích thước có thể sai sót 5% đến 10%",Đất nung,,,,,Nâu đất,,Kẻ xiên,25x20cm,,,,,,,,,,,,,,
CCNPOT0127,DANU071,https://mowgarden.com/chau-dat-nung-tru-tron-hoa-tiet-soc-doc-danu071/,Chậu đất nung trụ tròn họa tiết sọc dọc DANU071,125000,"*Ghi chú: Sản phẩm là hàng thủ công mỹ nghệ nên không thể hoàn hảo tuyệt đối, thông số kích thước có thể sai sót 5% đến 10%",Đất nung,,,,,Nâu đất,,Sọc dọc,25x20cm,,,,,,,,,,,,,,
CCNPOT0128,DANU069-1,https://mowgarden.com/chau-dat-nung-tru-tron-hoa-tiet-hoa-cuc-danu070/,Chậu đất nung trụ tròn họa tiết hoa cúc DANU070,125000,"*Ghi chú: Sản phẩm là hàng thủ công mỹ nghệ nên không thể hoàn hảo tuyệt đối, thông số kích thước có thể sai sót 5% đến 10%",Đất nung,,,,,Nâu đất,,Hoa cúc,25x20cm,,,,,,,,,,,,,,
CCNPOT0129,DANU069,https://mowgarden.com/chau-dat-nung-tru-tron-hoa-tiet-hoa-hong-danu069/,Chậu đất nung trụ tròn họa tiết hoa hồng DANU069,125000,"*Ghi chú: Sản phẩm là hàng thủ công mỹ nghệ nên không thể hoàn hảo tuyệt đối, thông số kích thước có thể sai sót 5% đến 10%",Đất nung,,,,,Nâu đất,,Hoa hồng,25x20cm,,,,,,,,,,,,,,
CCNPOT0130,DANU068,https://mowgarden.com/chau-dat-nung-vat-trung-hoa-tiet-tho-cam-danu068/,Chậu đất nung vát đáy họa tiết thổ cẩm DANU068,65000,"*Ghi chú: Sản phẩm là hàng thủ công mỹ nghệ nên không thể hoàn hảo tuyệt đối, thông số kích thước có thể sai sót 5% đến 10%",Đất nung,,,,,Nâu trắng,,Thổ cẩm,20x18cm,,,,,,,,,,,,,,
CCNPOT0131,DANU067,https://mowgarden.com/chau-dat-nung-vat-trung-hoa-tiet-tho-cam-danu067/,Chậu đất nung họa tiết hoa cúc 17x17cm DANU067,60000,"*Ghi chú: Sản phẩm là hàng thủ công mỹ nghệ nên không thể hoàn hảo tuyệt đối, thông số kích thước có thể sai sót 5% đến 10%",Đất nung,,,,,Xanh dương / Nâu đỏ / Xanh lá / Nâu đất,,Hoa cúc,18x18cm,,,,,,,,,,,,,,
CCNPOT0132,DANU065,https://mowgarden.com/chau-dat-nung-vat-trung-hoa-tiet-tho-cam-danu066/,Chậu đất nung vát trứng họa tiết thổ cẩm DANU066,65000,"*Ghi chú: Sản phẩm là hàng thủ công mỹ nghệ nên không thể hoàn hảo tuyệt đối, thông số kích thước có thể sai sót 5% đến 10%",Đất nung,,,,,Xanh dương,,Thổ cẩm,18x18cm,,,,,,,,,,,,,,
CCNPOT0133,DANU063-1,https://mowgarden.com/chau-dat-nung-trung-tron-danu065/,Chậu đất nung trứng tròn DANU065,65000,"*Ghi chú: Sản phẩm là hàng thủ công mỹ nghệ nên không thể hoàn hảo tuyệt đối, thông số kích thước có thể sai sót 5% đến 10%",Đất nung,,,,,Nâu đất,,Trơn,18x18cm,,,,,,,,,,,,,,
CCNPOT0134,DANU064,https://mowgarden.com/chau-dat-nung-bau-tron-hoa-tiet-hoa-danu064/,Chậu đất nung bầu tròn họa tiết hoa DANU064,55000,"*Ghi chú: Sản phẩm là hàng thủ công mỹ nghệ nên không thể hoàn hảo tuyệt đối, thông số kích thước có thể sai sót 5% đến 10%",Đất nung,,,,,Nâu đất,,Đan hoa,15x14cm,,,,,,,,,,,,,,
CCNPOT0135,DANU063,https://mowgarden.com/chau-dat-nung-vat-trung-day-hoa-tiet-ke-cheo-danu063/,Chậu đất nung vát trứng đáy họa tiết kẻ chéo DANU063,55000,"*Ghi chú: Sản phẩm là hàng thủ công mỹ nghệ nên không thể hoàn hảo tuyệt đối, thông số kích thước có thể sai sót 5% đến 10%",Đất nung,,,,,Nâu đất,,Kẻ chéo,15x15cm,,,,,,,,,,,,,,
CCNPOT0136,DANU062,https://mowgarden.com/chau-dat-nung-vat-trung-day-hoa-tiet-gon-song-danu062/,Chậu đất nung vát trứng đáy họa tiết gợn sóng DANU062,55000,"*Ghi chú: Sản phẩm là hàng thủ công mỹ nghệ nên không thể hoàn hảo tuyệt đối, thông số kích thước có thể sai sót 5% đến 10%",Đất nung,,,,,Nâu đất,,Gợn sóng,15x15cm,,,,,,,,,,,,,,
CCNPOT0137,DANU061,https://mowgarden.com/chau-dat-nung-vat-day-hoa-tiet-luoi-danu061/,Chậu đất nung vát đáy họa tiết lưới DANU061,155000,"*Ghi chú: Sản phẩm là hàng thủ công mỹ nghệ nên không thể hoàn hảo tuyệt đối, thông số kích thước có thể sai sót 5% đến 10%",Đất nung,,,,,Nâu đất,,Lưới,29x26cm,,,,,,,,,,,,,,
CCNPOT0138,DANU060,https://mowgarden.com/chau-dat-nung-vat-day-hoa-tiet-tuong-gach-danu060/,Chậu đất nung vát đáy họa tiết tường gạch DANU060,155000,"*Ghi chú: Sản phẩm là hàng thủ công mỹ nghệ nên không thể hoàn hảo tuyệt đối, thông số kích thước có thể sai sót 5% đến 10%",Đất nung,,,,,Nâu đất,,Tường gạch,29x26cm,,,,,,,,,,,,,,
CCNPOT0139,DANU059,https://mowgarden.com/chau-dat-nung-vat-trung-hoa-tiet-soc-ngang-danu059/,Chậu đất nung vát trứng họa tiết sọc ngang DANU059,185000,"*Ghi chú: Sản phẩm là hàng thủ công mỹ nghệ nên không thể hoàn hảo tuyệt đối, thông số kích thước có thể sai sót 5% đến 10%",Đất nung,,,,,Nâu đất,,Sọc ngang,30x30cm,,,,,,,,,,,,,,
CCNPOT0140,DANU058,https://mowgarden.com/chau-dat-nung-vat-day-hoa-tiet-tho-cam-danu058/,Chậu đất nung vát đáy họa tiết thổ cẩm DANU058,225000,"*Ghi chú: Sản phẩm là hàng thủ công mỹ nghệ nên không thể hoàn hảo tuyệt đối, thông số kích thước có thể sai sót 5% đến 10%",Đất nung,,,,,Nâu đất,,Thổ cẩm,30x30cm,,,,,,,,,,,,,,
CCNPOT0141,DANU057,https://mowgarden.com/chau-dat-nung-vat-day-hoa-tiet-day-quan-roi-danu057/,Chậu đất nung vát đáy họa tiết dây quấn rối DANU057,155000,"*Ghi chú: Sản phẩm là hàng thủ công mỹ nghệ nên không thể hoàn hảo tuyệt đối, thông số kích thước có thể sai sót 5% đến 10%",Đất nung,,,,,Nâu đất,,Dây quấn rối,29x26cm,,,,,,,,,,,,,,
CCNPOT0142,DANU056,https://mowgarden.com/chau-dat-nung-hinh-trung-hoa-tiet-hoa-hong-danu056/,Chậu đất nung hình trứng họa tiết hoa hồng DANU056,55000,"*Ghi chú: Sản phẩm là hàng thủ công mỹ nghệ nên không thể hoàn hảo tuyệt đối, thông số kích thước có thể sai sót 5% đến 10%",Đất nung,,,,,Nâu đất,,Hoa hồng,14x14cm / 22x22cm / 28x28cm,,,,,,,,,,,,,,
CCNPOT0143,DANU055,https://mowgarden.com/chau-dat-nung-trung-van-hoa-danu055/,Chậu đất nung vát trứng họa tiết hoa DANU055,135000,"*Ghi chú: Sản phẩm là hàng thủ công mỹ nghệ nên không thể hoàn hảo tuyệt đối, thông số kích thước có thể sai sót 5% đến 10%",Đất nung,,,,,Nâu đất,,Hoa,25x28cm,,,,,,,,,,,,,,
CCNPOT0144,DANU054,https://mowgarden.com/chau-dat-nung-bau-tron-van-cham-danu054/,Chậu đất nung bầu tròn vân chấm DANU054,125000,"*Ghi chú: Sản phẩm là hàng thủ công mỹ nghệ nên không thể hoàn hảo tuyệt đối, thông số kích thước có thể sai sót 5% đến 10%",Đất nung,,,,,Nâu đất,,Chấm tròn,23x20cm,,,,,,,,,,,,,,
CCNPOT0145,DANU053,https://mowgarden.com/chau-dat-nung-tru-dung-van-day-quan-roi-danu053/,Chậu đất nung trụ đứng vân dây quấn rối DANU053,125000,"*Ghi chú: Sản phẩm là hàng thủ công mỹ nghệ nên không thể hoàn hảo tuyệt đối, thông số kích thước có thể sai sót 5% đến 10%",Đất nung,,,,,Nâu đất,,Dây quấn rối,25x19cm,,,,,,,,,,,,,,
CCNPOT0146,DANU052,https://mowgarden.com/chau-dat-nung-tru-dung-tron-danu052/,Chậu đất nung trụ đứng trơn DANU052,20000,"*Ghi chú: Sản phẩm là hàng thủ công mỹ nghệ nên không thể hoàn hảo tuyệt đối, thông số kích thước có thể sai sót 5% đến 10%",Đất nung,,,,,Kem đất,,Trơn,11x11cm / 15x15cm / x 20x20cm / 25x25cm,,,,,,,,,,,,,,
CCNPOT0147,DANU050,https://mowgarden.com/chau-dat-nung-tru-dung-tron-mau-kem-dat-danu050/,Chậu đất nung trụ đứng trơn màu kem đất DANU050,20000,"*Ghi chú: Sản phẩm là hàng thủ công mỹ nghệ nên không thể hoàn hảo tuyệt đối, thông số kích thước có thể sai sót 5% đến 10%",Đất nung,,,,,Kem đất,,Trơn,11x11cm / 15x15cm / x 20x20cm / 25x25cm,,,,,,,,,,,,,,
CCNPOT0148,DANU049,https://mowgarden.com/chau-dat-nung-bau-tron-van-da-ran-danu049/,Chậu đất nung bâu tròn vân da rắn DANU049,45000,"*Ghi chú: Sản phẩm là hàng thủ công mỹ nghệ nên không thể hoàn hảo tuyệt đối, thông số kích thước có thể sai sót 5% đến 10%",Đất nung,,,,,Nâu đất,,Da rắn,30x30cm / 21x21cm / 15x15cm,,,,,,,,,,,,,,
CCNPOT0149,DANU048,https://mowgarden.com/chau-dat-nung-tru-dung-van-soc-cheo-danu048/,Chậu đất nung trụ đứng vân sọc chéo DANU048,65000,"*Ghi chú: Sản phẩm là hàng thủ công mỹ nghệ nên không thể hoàn hảo tuyệt đối, thông số kích thước có thể sai sót 5% đến 10%",Đất nung,,,,,Nâu đất,,Sọc chéo,15x13cm,,,,,,,,,,,,,,
CCNPOT0150,DANU047,https://mowgarden.com/chau-dat-nung-tru-dung-van-la-danu047/,Chậu đất nung trụ đứng vân lá DANU047,65000,"*Ghi chú: Sản phẩm là hàng thủ công mỹ nghệ nên không thể hoàn hảo tuyệt đối, thông số kích thước có thể sai sót 5% đến 10%",Đất nung,,,,,Nâu đất,,Vân lá,15x14cm,,,,,,,,,,,,,,
CCNPOT0151,DANU046,https://mowgarden.com/chau-dat-nung-tru-dung-van-soc-noi-danu046/,Chậu đất nung trụ đứng vân sọc nổi DANU046,65000,"*Ghi chú: Sản phẩm là hàng thủ công mỹ nghệ nên không thể hoàn hảo tuyệt đối, thông số kích thước có thể sai sót 5% đến 10%",Đất nung,,,,,Nâu đất,,Vân sọc nổi,15x15cm,,,,,,,,,,,,,,
CCNPOT0152,DANU045,https://mowgarden.com/chau-dat-nung-vat-day-mau-trang-nga-danu045/,Chậu đất nung vát đáy màu trắng ngà DANU045,25000,"*Ghi chú: Sản phẩm là hàng thủ công mỹ nghệ nên không thể hoàn hảo tuyệt đối, thông số kích thước có thể sai sót 5% đến 10%",Đất nung,,,,,Trắng ngà,,Trơn,13x13cm,,,,,,,,,,,,,,
CCNPOT0153,DANU044,https://mowgarden.com/chau-dat-nung-vat-day-go-mieng-mau-vang-cat-danu044/,Chậu đất nung vát đáy gờ miệng màu trắng ngà DANU044,125000,"*Ghi chú: Sản phẩm là hàng thủ công mỹ nghệ nên không thể hoàn hảo tuyệt đối, thông số kích thước có thể sai sót 5% đến 10%",Đất nung,,,,,Trắng ngà,,Trơn,21x27cm / 26x32cm,,,,,,,,,,,,,,
CCNPOT0154,DANU043,https://mowgarden.com/chau-dat-nung-kim-cuong-gan-cheo-danu043/,Chậu đất nung kim cương gân chéo DANU043,65000,"*Ghi chú: Sản phẩm là hàng thủ công mỹ nghệ nên không thể hoàn hảo tuyệt đối, thông số kích thước có thể sai sót 5% đến 10%",Đất nung,,,,,Nâu đất,,Gân chéo,14x13cm,,,,,,,,,,,,,,
CCNPOT0155,DANU042,https://mowgarden.com/chau-dat-nung-hinh-tru-van-quan-roi-danu042/,Chậu đất nung hình trụ vân quấn rối DANU042,65000,"*Ghi chú: Sản phẩm là hàng thủ công mỹ nghệ nên không thể hoàn hảo tuyệt đối, thông số kích thước có thể sai sót 5% đến 10%",Đất nung,,,,,Nâu đất,,Quấn rối,18x16cm / 25x20cm,,,,,,,,,,,,,,
CCNPOT0156,DANU041,https://mowgarden.com/chau-dat-nung-vat-trung-van-luc-giac-danu041/,Chậu đất nung hình lu vân lục giác DANU041,125000,"*Ghi chú: Sản phẩm là hàng thủ công mỹ nghệ nên không thể hoàn hảo tuyệt đối, thông số kích thước có thể sai sót 5% đến 10%",Đất nung,,,,,Nâu đậm,,Trơn,24x23cm,,,,,,,,,,,,,,
CCNPOT0157,DANU040,https://mowgarden.com/chau-dat-nung-tron-hinh-tru-mau-nau-dam-danu040/,Chậu đất nung trơn hình trụ màu nâu đậm DANU040,65000,"*Ghi chú: Sản phẩm là hàng thủ công mỹ nghệ nên không thể hoàn hảo tuyệt đối, thông số kích thước có thể sai sót 5% đến 10%",Đất nung,,,,,Nâu đậm,,Trơn,15x15cm / 20x20cm,,,,,,,,,,,,,,
CCNPOT0158,DANU039,https://mowgarden.com/chau-dat-nung-marble-hinh-tru-danu039/,Chậu đất nung Marble hình trụ DANU039,65000,"*Ghi chú: Sản phẩm là hàng thủ công mỹ nghệ nên không thể hoàn hảo tuyệt đối, thông số kích thước có thể sai sót 5% đến 10%",Đất nung,,,,,Nâu đất,,Marble,14x14cm,,,,,,,,,,,,,,
CCNPOT0159,DANU038,https://mowgarden.com/chau-dat-nung-vat-trung-marble-18x18-danu038/,Chậu đất nung vát trứng Marble 18×18 DANU038,65000,"*Ghi chú: Sản phẩm là hàng thủ công mỹ nghệ nên không thể hoàn hảo tuyệt đối, thông số kích thước có thể sai sót 5% đến 10%",Đất nung,,,,,Nâu kem,,Marble,18x18cm,,,,,,,,,,,,,,
CCNPOT0160,DANU037,https://mowgarden.com/chau-dat-nung-vat-trung-gan-soc-danu037/,Chậu đất nung vát trứng gân sọc DANU037,45000,"*Ghi chú: Sản phẩm là hàng thủ công mỹ nghệ nên không thể hoàn hảo tuyệt đối, thông số kích thước có thể sai sót 5% đến 10%",Đất nung,,,,,Nâu đất,,Gân sọc,14x14cm,,,,,,,,,,,,,,
CCNPOT0161,DANU036,https://mowgarden.com/chau-dat-nung-hinh-to-ong-danu036/,Chậu đất nung hình tổ ong DANU036,70000,"*Ghi chú: Sản phẩm là hàng thủ công mỹ nghệ nên không thể hoàn hảo tuyệt đối, thông số kích thước có thể sai sót 5% đến 10%",Đất nung,,,,,Nâu đất,,Tổ ong,17x17cm,,,,,,,,,,,,,,
CCNPOT0162,DANU035,https://mowgarden.com/chau-dat-nung-vat-trung-van-gon-song-danu035/,Chậu đất nung vát trứng vân gợn sóng DANU035,55000,"*Ghi chú: Sản phẩm là hàng thủ công mỹ nghệ nên không thể hoàn hảo tuyệt đối, thông số kích thước có thể sai sót 5% đến 10%",Đất nung,,,,,Nâu đất,,Gợn sóng,12x11cm,,,,,,,,,,,,,,
CCNPOT0163,DANU034,https://mowgarden.com/chau-dat-nung-vat-trung-van-soc-caro-danu034/,Chậu đất nung vát trứng vân sọc caro DANU034,55000,"*Ghi chú: Sản phẩm là hàng thủ công mỹ nghệ nên không thể hoàn hảo tuyệt đối, thông số kích thước có thể sai sót 5% đến 10%",Đất nung,,,,,Nâu đất,,Sọc caro,12x11cm,,,,,,,,,,,,,,
CCNPOT0164,DANU033,https://mowgarden.com/chau-dat-nung-vat-trung-van-soc-cheo-danu033/,Chậu đất nung vát trứng vân sọc chéo DANU033,55000,"*Ghi chú: Sản phẩm là hàng thủ công mỹ nghệ nên không thể hoàn hảo tuyệt đối, thông số kích thước có thể sai sót 5% đến 10%",Đất nung,,,,,Nâu đất,,Sọc chéo,12x11cm,,,,,,,,,,,,,,
CCNPOT0165,DANU032,https://mowgarden.com/chau-dat-nung-vat-trung-van-kim-cuong-danu032/,Chậu đất nung vát trứng vân kim cương DANU032,55000,"*Ghi chú: Sản phẩm là hàng thủ công mỹ nghệ nên không thể hoàn hảo tuyệt đối, thông số kích thước có thể sai sót 5% đến 10%",Đất nung,,,,,Nâu đất,,Kim cương,12x11cm,,,,,,,,,,,,,,
CCNPOT0166,DANU031,https://mowgarden.com/chau-dat-nung-vat-trung-van-kim-cuong-danu031/,Chậu đất nung vát trứng vân tam giác DANU031,55000,"*Ghi chú: Sản phẩm là hàng thủ công mỹ nghệ nên không thể hoàn hảo tuyệt đối, thông số kích thước có thể sai sót 5% đến 10%",Đất nung,,,,,Nâu đất,,Kim cương,12x11cm,,,,,,,,,,,,,,
CCNPOT0167,DANU030,https://mowgarden.com/chau-dat-nung-vat-trung-van-bac-xiu-danu030/,Chậu đất nung vát trứng vân bạc xỉu DANU030,45000,"*Ghi chú: Sản phẩm là hàng thủ công mỹ nghệ nên không thể hoàn hảo tuyệt đối, thông số kích thước có thể sai sót 5% đến 10%",Đất nung,,,,,Nâu đất,,Tổ ong,12x11cm,,,,,,,,,,,,,,
CCNPOT0168,DANU029,https://mowgarden.com/chau-dat-nung-vat-trung-van-song-danu029/,Chậu đất nung vát trứng vân sóng DANU029,65000,"*Ghi chú: Sản phẩm là hàng thủ công mỹ nghệ nên không thể hoàn hảo tuyệt đối, thông số kích thước có thể sai sót 5% đến 10%",Đất nung,,,,,Nâu đất,,Tổ ong,18x16cm,,,,,,,,,,,,,,
CCNPOT0169,DANU028,https://mowgarden.com/chau-dat-nung-trung-vat-van-gon-song-danu028/,Chậu đất nung trứng vát vân gợn sóng DANU028,65000,"*Ghi chú: Sản phẩm là hàng thủ công mỹ nghệ nên không thể hoàn hảo tuyệt đối, thông số kích thước có thể sai sót 5% đến 10%",Đất nung,,,,,Nâu đất,,Tổ ong,15x14cm,,,,,,,,,,,,,,
CCNPOT0170,DANU027,https://mowgarden.com/chau-dat-nung-bau-tron-thap-van-to-ong-danu027/,Chậu đất nung bầu tròn thấp vân tổ ong DANU027,125000,"*Ghi chú: Sản phẩm là hàng thủ công mỹ nghệ nên không thể hoàn hảo tuyệt đối, thông số kích thước có thể sai sót 5% đến 10%",Đất nung,,,,,Nâu đất,,Tổ ong,23x20cm,,,,,,,,,,,,,,
CCNPOT0171,DANU026,https://mowgarden.com/chau-dat-nung-hinh-tru-van-gon-song-danu026/,Chậu đất nung hình trụ vân gợn sóng DANU026,65000,"*Ghi chú: Sản phẩm là hàng thủ công mỹ nghệ nên không thể hoàn hảo tuyệt đối, thông số kích thước có thể sai sót 5% đến 10%",Đất nung,,,,,Nâu đất,,Gợn sóng,23x20cm,,,,,,,,,,,,,,
CCNPOT0172,DANU025,https://mowgarden.com/chau-dat-nung-trung-vat-van-soc-ke-danu025/,Chậu đất nung trứng vát vân sọc kẻ DANU025,85000,"*Ghi chú: Sản phẩm là hàng thủ công mỹ nghệ nên không thể hoàn hảo tuyệt đối, thông số kích thước có thể sai sót 5% đến 10%",Đất nung,,,,,Nâu đất,,Sọc kẻ,25x18cm,,,,,,,,,,,,,,
CCNPOT0173,DANU024,https://mowgarden.com/chau-dat-nung-tru-tron-thap-danu024/,Chậu đất nung trụ tròn thấp DANU024,105000,"*Ghi chú: Sản phẩm là hàng thủ công mỹ nghệ nên không thể hoàn hảo tuyệt đối, thông số kích thước có thể sai sót 5% đến 10%",Đất nung,,,,,Nâu đất,,Đan chéo,23x24cm,,,,,,,,,,,,,,
CCNPOT0174,DANU022-1,https://mowgarden.com/chau-dat-nung-tru-tron-thap-danu023/,Chậu đất nung trụ tròn thấp DANU023,50000,"*Ghi chú: Sản phẩm là hàng thủ công mỹ nghệ nên không thể hoàn hảo tuyệt đối, thông số kích thước có thể sai sót 5% đến 10%",Đất nung,,,,,Nâu đất,,Đan chéo,14.5x13cm,,,,,,,,,,,,,,
CCNPOT0175,DANU022,https://mowgarden.com/chau-dat-nung-bau-tron-thap-van-soc-ngang-danu022/,Chậu đất nung bầu tròn thấp vân sọc ngang DANU022,70000,"*Ghi chú: Sản phẩm là hàng thủ công mỹ nghệ nên không thể hoàn hảo tuyệt đối, thông số kích thước có thể sai sót 5% đến 10%",Đất nung,,,,,Nâu đất,,Đan chéo,14x13cm,,,,,,,,,,,,,,
CCNPOT0176,DANU021,https://mowgarden.com/chau-dat-nung-bau-tron-thap-van-hoa-danu021/,Chậu đất nung bầu tròn thấp vân hoa DANU021,70000,"*Ghi chú: Sản phẩm là hàng thủ công mỹ nghệ nên không thể hoàn hảo tuyệt đối, thông số kích thước có thể sai sót 5% đến 10%",Đất nung,,,,,Nâu đất,,Đan chéo,14x13cm,,,,,,,,,,,,,,
CCNPOT0177,DANU020,https://mowgarden.com/chau-dat-nung-tron-van-dan-cheo-danu020/,Chậu đất nung tròn vân đan chéo DANU020,80000,"*Ghi chú: Sản phẩm là hàng thủ công mỹ nghệ nên không thể hoàn hảo tuyệt đối, thông số kích thước có thể sai sót 5% đến 10%",Đất nung,,,,,Nâu đất,,Đan chéo,23x17cm,,,,,,,,,,,,,,
CCNPOT0178,DANU019,https://mowgarden.com/chau-dat-nung-tru-tron-thap-van-cham-bi-danu019/,Chậu đất nung trụ tròn thấp vân chấm bi DANU019,55000,"*Ghi chú: Sản phẩm là hàng thủ công mỹ nghệ nên không thể hoàn hảo tuyệt đối, thông số kích thước có thể sai sót 5% đến 10%",Đất nung,,,,,Nâu đất,,Chấm bi,15x15cm,,,,,,,,,,,,,,
CCNPOT0179,DANU018,https://mowgarden.com/chau-dat-nung-bau-lun-van-ke-danu018/,Chậu đất nung bầu lùn vân kẻ DANU018,25000,"*Ghi chú: Sản phẩm là hàng thủ công mỹ nghệ nên không thể hoàn hảo tuyệt đối, thông số kích thước có thể sai sót 5% đến 10%",Đất nung,,,,,Nâu đất,,Vân kẻ,15x13cm / 11x9cm,,,,,,,,,,,,,,
CCNPOT0180,DANU017,https://mowgarden.com/chau-dat-nung-trung-van-soc-doc-danu017/,Chậu đất nung trứng vân sọc dọc DANU017,35000,"*Ghi chú: Sản phẩm là hàng thủ công mỹ nghệ nên không thể hoàn hảo tuyệt đối, thông số kích thước có thể sai sót 5% đến 10%",Đất nung,,,,,Nâu đất,,Sọc đứng,14.5x13cm,,,,,,,,,,,,,,
CCNPOT0181,DANU016,https://mowgarden.com/chau-dat-nung-tru-tron-van-soc-cheo-danu016/,Chậu đất nung trụ tròn vân sọc chéo DANU016,55000,"*Ghi chú: Sản phẩm là hàng thủ công mỹ nghệ nên không thể hoàn hảo tuyệt đối, thông số kích thước có thể sai sót 5% đến 10%",Đất nung,,,,,Nâu đất,,Sọc chéo,16x14cm,,,,,,,,,,,,,,
CCNPOT0182,DANU015,https://mowgarden.com/chau-dat-nung-tru-tron-van-soc-cheo-danu015/,Chậu đất nung trụ tròn vân sọc chéo DANU015,55000,"*Ghi chú: Sản phẩm là hàng thủ công mỹ nghệ nên không thể hoàn hảo tuyệt đối, thông số kích thước có thể sai sót 5% đến 10%",Đất nung,,,,,Nâu đất,,Sọc chéo,15x15cm,,,,,,,,,,,,,,
CCNPOT0183,DANU014,https://mowgarden.com/chau-dat-nung-soc-ke-chi-ngang-danu014/,Chậu đất nung sọc kẻ chỉ ngang DANU014,105000,"*Ghi chú: Sản phẩm là hàng thủ công mỹ nghệ nên không thể hoàn hảo tuyệt đối, thông số kích thước có thể sai sót 5% đến 10%",Đất nung,,,,,Nâu đất,,Sọc kẻ ngang,23x24cm / 27x29cm,,,,,,,,,,,,,,
CCNPOT0184,DANU013,https://mowgarden.com/chau-dat-nung-tron-bau-lon-danu013/,Chậu đất nung trơn bầu lớn DANU013,155000,"*Ghi chú: Sản phẩm là hàng thủ công mỹ nghệ nên không thể hoàn hảo tuyệt đối, thông số kích thước có thể sai sót 5% đến 10%",Đất nung,,,,,Nâu đất,,Trơn,28x28cm,,,,,,,,,,,,,,
CCNPOT0185,DANU012,https://mowgarden.com/chau-dat-nung-tron-bau-lun-danu012/,Chậu đất nung trơn bầu lùn DANU012,25000,"*Ghi chú: Sản phẩm là hàng thủ công mỹ nghệ nên không thể hoàn hảo tuyệt đối, thông số kích thước có thể sai sót 5% đến 10%",Đất nung,,,,,Nâu đất,,Trơn,15x13cm / 11x9cm,,,,,,,,,,,,,,
CCNPOT0186,DANU011,https://mowgarden.com/chau-dat-nung-vat-trung-van-giot-nuoc-danu011/,Chậu đất nung vát trứng vân giọt nước DANU011,65000,"*Ghi chú: Sản phẩm là hàng thủ công mỹ nghệ nên không thể hoàn hảo tuyệt đối, thông số kích thước có thể sai sót 5% đến 10%",Đất nung,,,,,Nâu đất,,Giọt nước,18x16cm,,,,,,,,,,,,,,
CCNPOT0187,DANU010,https://mowgarden.com/chau-dat-nung-vat-trung-van-xoan-danu010/,Chậu đất nung vát trứng vân xoắn DANU010,60000,"*Ghi chú: Sản phẩm là hàng thủ công mỹ nghệ nên không thể hoàn hảo tuyệt đối, thông số kích thước có thể sai sót 5% đến 10%",Đất nung,,,,,Nâu đất,,Xoắn,17x17cm,,,,,,,,,,,,,,
CCNPOT0188,DANU009,https://mowgarden.com/chau-dat-nung-van-hoa-cuc-danu009/,Chậu đất nung vân hoa cúc DANU009,125000,"*Ghi chú: Sản phẩm là hàng thủ công mỹ nghệ nên không thể hoàn hảo tuyệt đối, thông số kích thước có thể sai sót 5% đến 10%",Đất nung,,,,,Nâu đất,,Giọt nước,30x25cm / 23x20cm,,,,,,,,,,,,,,
CCNPOT0189,DANU008,https://mowgarden.com/chau-dat-nung-trung-vat-van-giot-nuoc-danu008/,Chậu đất nung trứng vát vân giọt nước DANU008,65000,"*Ghi chú: Sản phẩm là hàng thủ công mỹ nghệ nên không thể hoàn hảo tuyệt đối, thông số kích thước có thể sai sót 5% đến 10%",Đất nung,,,,,Nâu đất,,Giọt nước,18x19cm,,,,,,,,,,,,,,
CCNPOT0190,DANU007,https://mowgarden.com/chau-dat-nung-trung-vat-van-da-ran-danu007/,Chậu đất nung trứng vát vân da rắn DANU007,85000,"*Ghi chú: Sản phẩm là hàng thủ công mỹ nghệ nên không thể hoàn hảo tuyệt đối, thông số kích thước có thể sai sót 5% đến 10%",Đất nung,,,,,Nâu đất,,Da rắn,25x18cm,,,,,,,,,,,,,,
CCNPOT0191,DANU006,https://mowgarden.com/chau-dat-nung-tron-mieng-go-cao-danu006/,Chậu đất nung trơn miệng gờ cao DANU006,55000,"*Ghi chú: Sản phẩm là hàng thủ công mỹ nghệ nên không thể hoàn hảo tuyệt đối, thông số kích thước có thể sai sót 5% đến 10%",Đất nung,,,,,Nâu đất,,Trơn,17×15 / 17×17 / 19×20 / 25×25 / 20×27 / 25×32,,,,,,,,,,,,,,
CCNPOT0192,DANU005,https://mowgarden.com/chau-dat-nung-tru-tron-khong-hoa-tiet-danu005/,Chậu đất nung trụ trơn không họa tiết DANU005,110000,"*Ghi chú: Sản phẩm là hàng thủ công mỹ nghệ nên không thể hoàn hảo tuyệt đối, thông số kích thước có thể sai sót 5% đến 10%",Đất nung,,,,,Nâu đất,,Tường gạch,25cm (ngang) – 25cm (cao),,,,,,,,,,,,,,
CCNPOT0193,DANU003-1,https://mowgarden.com/chau-dat-nung-hoa-tiet-tuong-gach-danu004/,Chậu đất nung họa tiết tường gạch DANU004,115000,"*Ghi chú: Sản phẩm là hàng thủ công mỹ nghệ nên không thể hoàn hảo tuyệt đối, thông số kích thước có thể sai sót 5% đến 10%",Đất nung,,,,,Nâu Đất / Xanh lá / Xanh lam / Xám / Hồng Trắng,,Tường gạch,17cm (ngang) – 16cm (cao),,,,,,,,,,,,,,
CCNPOT0194,DANU003,https://mowgarden.com/chau-dat-nung-hoa-tiet-cham-tron-danu003/,Chậu đất nung họa tiết sọc kẻ DANU003,115000,"*Ghi chú: Sản phẩm là hàng thủ công mỹ nghệ nên không thể hoàn hảo tuyệt đối, thông số kích thước có thể sai sót 5% đến 10%",Đất nung,,,,,Đen / Xám,,Kẻ sọc,"14,5cm (ngang) – 13.5cm (cao)",,,,,,,,,,,,,,
CCNPOT0195,DANU002,https://mowgarden.com/chau-dat-nung-hoa-tiet-cham-tron-125cm-danu002/,Chậu đất nung họa tiết chấm tròn DANU002,55000,"*Ghi chú: Sản phẩm là hàng thủ công mỹ nghệ nên không thể hoàn hảo tuyệt đối, thông số kích thước có thể sai sót 5% đến 10%",Đất nung,,,,,Đen / Trắng / Xám / Hồng / Xanh Dương,,Chấm tròn,"15cm (ngang) – 13.5cm (cao)
12,5cm (ngang) – 11cm (cao)
8cm (ngang) – 7cm (cao)",,,,,,,,,,,,,,
CCNPOT0196,DANU001,https://mowgarden.com/chau-dat-nung-hoa-tiet-vo-so-danu001/,Chậu đất nung họa tiết vỏ sò 18cm DANU001,135000,"*Ghi chú: Sản phẩm là hàng thủ công mỹ nghệ nên không thể hoàn hảo tuyệt đối, thông số kích thước có thể sai sót 5% đến 10%",Đất nung,,,,,Đỏ gạch / Vàng / Hồng đào / Tím Pastel,,Vỏ sò,18cm (ngang) – 16cm (cao),,,,,,,,,,,,,,
CCNPOT0197,,https://mowgarden.com/dia-lot-chau-trong-cay-monrovia-o-series-mau-den/,Đĩa Lót Chậu Trồng Cây Monrovia O-series Màu Đen,10000,,Nhựa dẻo cao cấp,,,,,Xanh đen,,,,"• Kích thước: 15.9 x 12.8 x 2.5 (cm)
• Trọng lượng: 27 (g)","• Kích thước: 23.6 x 19.5 x 3.5 (cm)
• Trọng lượng: 83 (g)","• Kích thước: 23.6 x 22 x 3.9 (cm)
• Trọng lượng: 112 (g)","• Kích thước: 36cm x 30.5cm x 4cm
• Trọng lượng: 196g",,,,,,,,,,
CCNPOT0198,,https://mowgarden.com/dia-lot-chau-trong-cay-monrovia-o-series-mau-xanh/,Đĩa Lót Chậu Trồng Cây Monrovia O-series màu xanh,10000,,Nhựa dẻo cao cấp,,,,,Xanh tự nhiên,,,,"• Kích thước: 15.9 x 12.8 x 2.5 (cm)
• Trọng lượng: 27 (g)","• Kích thước: 23.6 x 19.5 x 3.5 (cm)
• Trọng lượng: 83 (g)","• Kích thước: 23.6 x 22 x 3.9 (cm)
• Trọng lượng: 112 (g)","• Kích thước: 36cm x 30.5cm x 4cm
• Trọng lượng: 196g",,,,,,,,,,
CCNPOT0199,,https://mowgarden.com/dia-lot-chau-trong-cay-monrovia-m-series/,Đĩa Lót Chậu Trồng Cây Monrovia M-series,15000,,Nhựa dẻo cao cấp,,,,,Xanh tự nhiên,,,,,,,,"• Kích thước: 21.3 x 17.6 x 2.4 (cm)
• Trọng lượng: 62.3 (g)","• Kích thước: 25.2 x 20.8 x 3 (cm)
• Trọng lượng: 92.8 (g)","• Kích thước: 29 x 23 x 3.4 (cm)
• Trọng lượng: 136 (g)",,,,,,,
CCNPOT0200,,https://mowgarden.com/chau-nhua-treo-monrovia-size-l-mau-xanh/,Chậu Nhựa Treo Monrovia Size L Màu Xanh,100000,,Nhựa dẻo cao cấp,,,,,Xanh tự nhiên,,,,,,,,,,,24.5 (cm),18.3 (cm),14 (cm),40.5 (cm),196 (g),,
CCNPOT0201,,https://mowgarden.com/chau-nhua-treo-monrovia-size-m-mau-xanh/,Chậu Nhựa Treo Monrovia Size M Màu Xanh,55000,,Nhựa dẻo cao cấp,,,,,Xanh tự nhiên,,,,,,,,,,,20.5 (cm),15.5 (cm),13.8 (cm),40.5 (cm),146 (g),,
CCNPOT0202,,https://mowgarden.com/chau-nhua-treo-monrovia-size-s-mau-xanh/,Chậu Nhựa Treo Monrovia Size S Màu Xanh,40000,,Nhựa dẻo cao cấp,,,,,Xanh tự nhiên,,,,,,,,,,,16.5 (cm),12.5 (cm),12.8 (cm),37.5 (cm),105 (g),,
CCNPOT0203,,https://mowgarden.com/chau-nhua-monrovia-5-gallon-mau-den-o-series/,Chậu Nhựa Monrovia 5 Gallon Màu Đen O-series,95000,,Nhựa dẻo cao cấp,,,,410 (g),Đen,,,,,,,,,,,,,,,,28x22x31 (cm),19 (lít)
CCNPOT0204,,https://mowgarden.com/chau-nhua-monrovia-3-gallon-mau-den-o-series/,Chậu Nhựa Monrovia 3 Gallon Màu Đen O-series,70000,,Nhựa dẻo cao cấp,,,,276 (g),Đen,,,,,,,,,,,,,,,,24.5×19.5×26.5 (cm),11.5 (lít)
CCNPOT0205,,https://mowgarden.com/chau-nhua-monrovia-1-gallon-mau-den-o-series/,Chậu Nhựa Monrovia 1 Gallon Màu Đen O-series,35000,,Nhựa dẻo cao cấp,,,,84 (g),Đen,,,,,,,,,,,,,,,,16×12.8×17.5 (cm),3.8 (lít)
CCNPOT0206,,https://mowgarden.com/chau-nhua-monrovia-7-gallon-mau-xanh-o-series/,Chậu Nhựa Monrovia 7 Gallon Màu Xanh O-series,160000,,Nhựa dẻo cao cấp,,,,960 (g),Xanh tự nhiên,,,,,,,,,,,,,,,,38×30.5×40.5 (cm),35 (lít)
CCNPOT0207,,https://mowgarden.com/chau-nhua-monrovia-5-gallon-mau-xanh-o-series/,Chậu Nhựa Monrovia 5 Gallon Màu Xanh O-series,95000,,Nhựa dẻo cao cấp,,,,410 (g),Xanh tự nhiên,,,,,,,,,,,,,,,,28x22x31 (cm),19 (lít)
CCNPOT0208,,https://mowgarden.com/chau-nhua-monrovia-3-gallon-mau-xanh-o-series/,Chậu Nhựa Monrovia 3 Gallon Màu Xanh O-series,70000,,Nhựa dẻo cao cấp,,,,276 (g),Xanh tự nhiên,,,,,,,,,,,,,,,,24.5×19.5×26.5 (cm),11.5 (lít)
CCNPOT0209,,https://mowgarden.com/chau-nhua-monrovia-1-gallon-mau-xanh-o-series/,Chậu Nhựa Monrovia 1 Gallon Màu Xanh O-series,35000,,Nhựa dẻo cao cấp,,,,84 (g),Xanh tự nhiên,,,,,,,,,,,,,,,,16×12.8×17.5 (cm),3.8 (lít)
CCNPOT0210,,https://mowgarden.com/chau-nhua-monrovia-6-gallon-mau-xanh-tu-nhien/,Chậu Nhựa Monrovia 6 Gallon Màu Xanh Tự Nhiên,120000,,Nhựa dẻo cao cấp,,,,390 (g),Xanh tự nhiên,,,,,,,,,,,,,,,,30x30x22.6 (cm),14 (lít)
CCNPOT0211,,https://mowgarden.com/chau-nhua-monrovia-4-gallon-mau-xanh-tu-nhien/,Chậu Nhựa Monrovia 4 Gallon Màu Xanh Tự Nhiên,80000,,Nhựa dẻo cao cấp,,,,245 (g),Xanh tự nhiên,,,,,,,,,,,,,,,,26x26x19.7 (cm),12 (lít)
CCNPOT0212,,https://mowgarden.com/chau-nhua-monrovia-2-gallon-mau-xanh/,Chậu Nhựa Monrovia 2 Gallon Màu Xanh Tự Nhiên,60000,,Nhựa dẻo cao cấp,,,,169 (g),Xanh tự nhiên,,,,,,,,,,,,,,,,22x22x16.7 (cm),7.7 (lít)
CCNPOT0213,,https://mowgarden.com/chau-xi-mang-da-mai-tru-vuong-vat-day/,Chậu Xi Măng Đá Mài Trụ Vuông Vát Đáy,460000,,"Xi măng, đá cẩm thạch",,Tấm lưới thủy tinh,"• 28×45 (cm)
• 32×55 (cm)
• 36×45 (cm)
• 36×65 (cm)
• 43×65 (cm)",,"• Trắng
• Đen
• Xám",,,,,,,,,,,,,,,,,
CCNPOT0214,,https://mowgarden.com/chau-xi-mang-da-mai-hinh-vuong-tru/,Chậu Xi Măng Đá Mài Hình Vuông Trụ,370000,,"Xi măng, đá cẩm thạch",,Tấm lưới thủy tinh,"• 25×50 (cm)
• 30×50 (cm)
• 30×60 (cm)
• 35×50 (cm)
• 35×70 (cm)
• 40×80 (cm)",,"• Trắng
• Đen
• Xám",,,,,,,,,,,,,,,,,
CCNPOT0215,,https://mowgarden.com/chau-xi-mang-da-mai-tru-tron-dang-cao/,Chậu Xi Măng Đá Mài Trụ Tròn Dáng Cao,280000,,"Xi măng, đá cẩm thạch",,Tấm lưới thủy tinh,"• 30×50 (cm)
• 30×60 (cm)
• 35×60 (cm)
• 40×60 (cm)
• 40×80 (cm)",,"• Trắng
• Đen
• Xám",,,,,,,,,,,,,,,,,
CCNPOT0216,,https://mowgarden.com/chau-xi-mang-da-mai-vuong/,Chậu Xi Măng Đá Mài Vuông Trọng Lượng Nhẹ,140000,,"Xi măng, đá cẩm thạch",,Tấm lưới thủy tinh,"• 20×20 (cm)
• 25×25 (cm)
• 30×30 (cm)
• 40×40 (cm)
• 50×50 (cm)
• 60×60 (cm)",,"• Trắng
• Đen
• Xám",,,,,,,,,,,,,,,,,
CCNPOT0217,,https://mowgarden.com/chau-xi-mang-da-mai-hinh-lu/,Chậu Xi Măng Đá Mài Hình Lu,250000,,"Xi măng, đá cẩm thạch",,Tấm lưới thủy tinh,34×34 (cm),,"• Trắng
• Đen
• Xám",,,,,,,,,,,,,,,,,
CCNPOT0218,,https://mowgarden.com/chau-xi-mang-tru-tron-son-soc-vang/,Chậu xi măng trụ tròn sơn sọc vàng,250000,,,,,,,,,,,,,,,,,,,,,,,,
CCNPOT0219,,https://mowgarden.com/chau-xi-mang-da-mai-hinh-chu-nhat/,Chậu Xi Măng Đá Mài Hình Chữ Nhật,240000,,"Xi măng, đá cẩm thạch",,Tấm lưới thủy tinh,"• 60x30x30 (cm)
• 70x20x20 (cm)
• 80x30x30 (cm)
• 80x40x40 (cm)
• 100x40x40 (cm)
• 100x50x40 (cm)",,"• Trắng
• Đen
• Xám",,,,,,,,,,,,,,,,,
CCNPOT0220,,https://mowgarden.com/chau-xi-mang-da-mai-tru-ong-vot-day/,Chậu Xi Măng Đá Mài Trụ Ống Vót Đáy,360000,,"Xi măng, đá cẩm thạch",,Tấm lưới thủy tinh,"• 30×60 (cm)
• 40×100 (cm)",,"• Trắng
• Đen
• Xám",,,,,,,,,,,,,,,,,
CCNPOT0221,DANU051,https://mowgarden.com/chau-dat-nung-toa-tiet-hoa-cuc/,Chậu đất nung vát trứng họa tiết hoa cúc DANU051,95000,"*Ghi chú: Sản phẩm là hàng thủ công mỹ nghệ nên không thể hoàn hảo tuyệt đối, thông số kích thước có thể sai sót 5% đến 10%",Đất nung,,,,,Nâu đất,,Hoa cúc,21x21cm,,,,,,,,,,,,,,
