CATEGORYID,POTID,CATEGORY
CCNCAT0038,CCNPOT0000,Chậu Xi Măng
CCNCAT0039,CCNPOT0000,Kiểu Hình Bầu
CCNCAT0038,CCNPOT0001,Chậu Xi Măng
CCNCAT0039,CCNPOT0001,Kiểu Hình Bầu
CCNCAT0040,CCNPOT0002,Chậu Gốm Sứ
CCNCAT0041,CCNPOT0002,Chậu Cây Cảnh
CCNCAT0040,CCNPOT0003,Chậu Gốm Sứ
CCNCAT0041,CCNPOT0003,Chậu Cây Cảnh
CCNCAT0040,CCNPOT0004,Chậu Gốm Sứ
CCNCAT0041,CCNPOT0004,Chậu Cây Cảnh
CCNCAT0040,CCNPOT0005,Chậu Gốm Sứ
CCNCAT0041,CCNPOT0005,Chậu Cây Cảnh
CCNCAT0040,CCNPOT0006,Chậu Gốm Sứ
CCNCAT0041,CCNPOT0006,Chậu Cây Cảnh
CCNCAT0040,CCNPOT0007,Chậu Gốm Sứ
CCNCAT0041,CCNPOT0007,Chậu Cây Cảnh
CCNCAT0040,CCNPOT0008,Chậu Gốm Sứ
CCNCAT0041,CCNPOT0008,Chậu Cây Cảnh
CCNCAT0038,CCNPOT0009,Chậu Xi Măng
CCNCAT0039,CCNPOT0009,Kiểu Hình Bầu
CCNCAT0042,CCNPOT0010,Chậu Đất Nung
CCNCAT0041,CCNPOT0010,Chậu Cây Cảnh
CCNCAT0040,CCNPOT0011,Chậu Gốm Sứ
CCNCAT0041,CCNPOT0011,Chậu Cây Cảnh
CCNCAT0040,CCNPOT0012,Chậu Gốm Sứ
CCNCAT0041,CCNPOT0012,Chậu Cây Cảnh
CCNCAT0040,CCNPOT0013,Chậu Gốm Sứ
CCNCAT0041,CCNPOT0013,Chậu Cây Cảnh
CCNCAT0040,CCNPOT0014,Chậu Gốm Sứ
CCNCAT0041,CCNPOT0014,Chậu Cây Cảnh
CCNCAT0038,CCNPOT0015,Chậu Xi Măng
CCNCAT0038,CCNPOT0016,Chậu Xi Măng
CCNCAT0043,CCNPOT0016,Kiểu Trụ Đứng
CCNCAT0038,CCNPOT0017,Chậu Xi Măng
CCNCAT0043,CCNPOT0017,Kiểu Trụ Đứng
CCNCAT0038,CCNPOT0018,Chậu Xi Măng
CCNCAT0041,CCNPOT0018,Chậu Cây Cảnh
CCNCAT0038,CCNPOT0019,Chậu Xi Măng
CCNCAT0041,CCNPOT0019,Chậu Cây Cảnh
CCNCAT0038,CCNPOT0020,Chậu Xi Măng
CCNCAT0041,CCNPOT0020,Chậu Cây Cảnh
CCNCAT0038,CCNPOT0021,Chậu Xi Măng
CCNCAT0041,CCNPOT0021,Chậu Cây Cảnh
CCNCAT0038,CCNPOT0022,Chậu Xi Măng
CCNCAT0041,CCNPOT0022,Chậu Cây Cảnh
CCNCAT0038,CCNPOT0023,Chậu Xi Măng
CCNCAT0041,CCNPOT0023,Chậu Cây Cảnh
CCNCAT0038,CCNPOT0024,Chậu Xi Măng
CCNCAT0041,CCNPOT0024,Chậu Cây Cảnh
CCNCAT0040,CCNPOT0025,Chậu Gốm Sứ
CCNCAT0041,CCNPOT0025,Chậu Cây Cảnh
CCNCAT0044,CCNPOT0025,Chậu Mini Để Bàn
CCNCAT0040,CCNPOT0026,Chậu Gốm Sứ
CCNCAT0041,CCNPOT0026,Chậu Cây Cảnh
CCNCAT0044,CCNPOT0026,Chậu Mini Để Bàn
CCNCAT0038,CCNPOT0027,Chậu Xi Măng
CCNCAT0041,CCNPOT0027,Chậu Cây Cảnh
CCNCAT0038,CCNPOT0028,Chậu Xi Măng
CCNCAT0041,CCNPOT0028,Chậu Cây Cảnh
CCNCAT0038,CCNPOT0029,Chậu Xi Măng
CCNCAT0041,CCNPOT0029,Chậu Cây Cảnh
CCNCAT0038,CCNPOT0030,Chậu Xi Măng
CCNCAT0041,CCNPOT0030,Chậu Cây Cảnh
CCNCAT0042,CCNPOT0031,Chậu Đất Nung
CCNCAT0041,CCNPOT0031,Chậu Cây Cảnh
CCNCAT0042,CCNPOT0032,Chậu Đất Nung
CCNCAT0041,CCNPOT0032,Chậu Cây Cảnh
CCNCAT0042,CCNPOT0033,Chậu Đất Nung
CCNCAT0041,CCNPOT0033,Chậu Cây Cảnh
CCNCAT0042,CCNPOT0034,Chậu Đất Nung
CCNCAT0041,CCNPOT0034,Chậu Cây Cảnh
CCNCAT0042,CCNPOT0035,Chậu Đất Nung
CCNCAT0041,CCNPOT0035,Chậu Cây Cảnh
CCNCAT0044,CCNPOT0035,Chậu Mini Để Bàn
CCNCAT0042,CCNPOT0036,Chậu Đất Nung
CCNCAT0041,CCNPOT0036,Chậu Cây Cảnh
CCNCAT0044,CCNPOT0036,Chậu Mini Để Bàn
CCNCAT0042,CCNPOT0037,Chậu Đất Nung
CCNCAT0041,CCNPOT0037,Chậu Cây Cảnh
CCNCAT0044,CCNPOT0037,Chậu Mini Để Bàn
CCNCAT0042,CCNPOT0038,Chậu Đất Nung
CCNCAT0041,CCNPOT0038,Chậu Cây Cảnh
CCNCAT0044,CCNPOT0038,Chậu Mini Để Bàn
CCNCAT0040,CCNPOT0039,Chậu Gốm Sứ
CCNCAT0041,CCNPOT0039,Chậu Cây Cảnh
CCNCAT0044,CCNPOT0039,Chậu Mini Để Bàn
CCNCAT0042,CCNPOT0040,Chậu Đất Nung
CCNCAT0041,CCNPOT0040,Chậu Cây Cảnh
CCNCAT0042,CCNPOT0041,Chậu Đất Nung
CCNCAT0041,CCNPOT0041,Chậu Cây Cảnh
CCNCAT0040,CCNPOT0042,Chậu Gốm Sứ
CCNCAT0041,CCNPOT0042,Chậu Cây Cảnh
CCNCAT0044,CCNPOT0042,Chậu Mini Để Bàn
CCNCAT0040,CCNPOT0043,Chậu Gốm Sứ
CCNCAT0041,CCNPOT0043,Chậu Cây Cảnh
CCNCAT0044,CCNPOT0043,Chậu Mini Để Bàn
CCNCAT0040,CCNPOT0044,Chậu Gốm Sứ
CCNCAT0041,CCNPOT0044,Chậu Cây Cảnh
CCNCAT0044,CCNPOT0044,Chậu Mini Để Bàn
CCNCAT0040,CCNPOT0045,Chậu Gốm Sứ
CCNCAT0041,CCNPOT0045,Chậu Cây Cảnh
CCNCAT0044,CCNPOT0045,Chậu Mini Để Bàn
CCNCAT0040,CCNPOT0046,Chậu Gốm Sứ
CCNCAT0041,CCNPOT0046,Chậu Cây Cảnh
CCNCAT0044,CCNPOT0046,Chậu Mini Để Bàn
CCNCAT0040,CCNPOT0047,Chậu Gốm Sứ
CCNCAT0041,CCNPOT0047,Chậu Cây Cảnh
CCNCAT0044,CCNPOT0047,Chậu Mini Để Bàn
CCNCAT0040,CCNPOT0048,Chậu Gốm Sứ
CCNCAT0041,CCNPOT0048,Chậu Cây Cảnh
CCNCAT0044,CCNPOT0048,Chậu Mini Để Bàn
CCNCAT0040,CCNPOT0049,Chậu Gốm Sứ
CCNCAT0041,CCNPOT0049,Chậu Cây Cảnh
CCNCAT0044,CCNPOT0049,Chậu Mini Để Bàn
CCNCAT0040,CCNPOT0050,Chậu Gốm Sứ
CCNCAT0041,CCNPOT0050,Chậu Cây Cảnh
CCNCAT0044,CCNPOT0050,Chậu Mini Để Bàn
CCNCAT0043,CCNPOT0050,Kiểu Trụ Đứng
CCNCAT0042,CCNPOT0051,Chậu Đất Nung
CCNCAT0041,CCNPOT0051,Chậu Cây Cảnh
CCNCAT0042,CCNPOT0052,Chậu Đất Nung
CCNCAT0041,CCNPOT0052,Chậu Cây Cảnh
CCNCAT0040,CCNPOT0053,Chậu Gốm Sứ
CCNCAT0041,CCNPOT0053,Chậu Cây Cảnh
CCNCAT0044,CCNPOT0053,Chậu Mini Để Bàn
CCNCAT0043,CCNPOT0053,Kiểu Trụ Đứng
CCNCAT0040,CCNPOT0054,Chậu Gốm Sứ
CCNCAT0041,CCNPOT0054,Chậu Cây Cảnh
CCNCAT0043,CCNPOT0054,Kiểu Trụ Đứng
CCNCAT0040,CCNPOT0055,Chậu Gốm Sứ
CCNCAT0041,CCNPOT0055,Chậu Cây Cảnh
CCNCAT0043,CCNPOT0055,Kiểu Trụ Đứng
CCNCAT0040,CCNPOT0056,Chậu Gốm Sứ
CCNCAT0041,CCNPOT0056,Chậu Cây Cảnh
CCNCAT0044,CCNPOT0056,Chậu Mini Để Bàn
CCNCAT0040,CCNPOT0057,Chậu Gốm Sứ
CCNCAT0041,CCNPOT0057,Chậu Cây Cảnh
CCNCAT0044,CCNPOT0057,Chậu Mini Để Bàn
CCNCAT0042,CCNPOT0058,Chậu Đất Nung
CCNCAT0041,CCNPOT0058,Chậu Cây Cảnh
CCNCAT0042,CCNPOT0059,Chậu Đất Nung
CCNCAT0041,CCNPOT0059,Chậu Cây Cảnh
CCNCAT0042,CCNPOT0060,Chậu Đất Nung
CCNCAT0041,CCNPOT0060,Chậu Cây Cảnh
CCNCAT0042,CCNPOT0061,Chậu Đất Nung
CCNCAT0041,CCNPOT0061,Chậu Cây Cảnh
CCNCAT0045,CCNPOT0061,Chậu Cỡ Lớn
CCNCAT0042,CCNPOT0062,Chậu Đất Nung
CCNCAT0041,CCNPOT0062,Chậu Cây Cảnh
CCNCAT0046,CCNPOT0062,Chậu Cỡ Trung
CCNCAT0042,CCNPOT0063,Chậu Đất Nung
CCNCAT0041,CCNPOT0063,Chậu Cây Cảnh
CCNCAT0044,CCNPOT0063,Chậu Mini Để Bàn
CCNCAT0042,CCNPOT0064,Chậu Đất Nung
CCNCAT0041,CCNPOT0064,Chậu Cây Cảnh
CCNCAT0044,CCNPOT0064,Chậu Mini Để Bàn
CCNCAT0042,CCNPOT0065,Chậu Đất Nung
CCNCAT0041,CCNPOT0065,Chậu Cây Cảnh
CCNCAT0044,CCNPOT0065,Chậu Mini Để Bàn
CCNCAT0042,CCNPOT0066,Chậu Đất Nung
CCNCAT0041,CCNPOT0066,Chậu Cây Cảnh
CCNCAT0044,CCNPOT0066,Chậu Mini Để Bàn
CCNCAT0042,CCNPOT0067,Chậu Đất Nung
CCNCAT0041,CCNPOT0067,Chậu Cây Cảnh
CCNCAT0044,CCNPOT0067,Chậu Mini Để Bàn
CCNCAT0042,CCNPOT0068,Chậu Đất Nung
CCNCAT0041,CCNPOT0068,Chậu Cây Cảnh
CCNCAT0044,CCNPOT0068,Chậu Mini Để Bàn
CCNCAT0042,CCNPOT0069,Chậu Đất Nung
CCNCAT0041,CCNPOT0069,Chậu Cây Cảnh
CCNCAT0044,CCNPOT0069,Chậu Mini Để Bàn
CCNCAT0042,CCNPOT0070,Chậu Đất Nung
CCNCAT0041,CCNPOT0070,Chậu Cây Cảnh
CCNCAT0044,CCNPOT0070,Chậu Mini Để Bàn
CCNCAT0042,CCNPOT0071,Chậu Đất Nung
CCNCAT0041,CCNPOT0071,Chậu Cây Cảnh
CCNCAT0044,CCNPOT0071,Chậu Mini Để Bàn
CCNCAT0040,CCNPOT0072,Chậu Gốm Sứ
CCNCAT0041,CCNPOT0072,Chậu Cây Cảnh
CCNCAT0044,CCNPOT0072,Chậu Mini Để Bàn
CCNCAT0047,CCNPOT0072,Kiểu Hình Bầu Tròn
CCNCAT0042,CCNPOT0073,Chậu Đất Nung
CCNCAT0041,CCNPOT0073,Chậu Cây Cảnh
CCNCAT0044,CCNPOT0073,Chậu Mini Để Bàn
CCNCAT0042,CCNPOT0074,Chậu Đất Nung
CCNCAT0041,CCNPOT0074,Chậu Cây Cảnh
CCNCAT0042,CCNPOT0075,Chậu Đất Nung
CCNCAT0041,CCNPOT0075,Chậu Cây Cảnh
CCNCAT0040,CCNPOT0076,Chậu Gốm Sứ
CCNCAT0041,CCNPOT0076,Chậu Cây Cảnh
CCNCAT0044,CCNPOT0076,Chậu Mini Để Bàn
CCNCAT0047,CCNPOT0076,Kiểu Hình Bầu Tròn
CCNCAT0040,CCNPOT0077,Chậu Gốm Sứ
CCNCAT0041,CCNPOT0077,Chậu Cây Cảnh
CCNCAT0044,CCNPOT0077,Chậu Mini Để Bàn
CCNCAT0047,CCNPOT0077,Kiểu Hình Bầu Tròn
CCNCAT0040,CCNPOT0078,Chậu Gốm Sứ
CCNCAT0041,CCNPOT0078,Chậu Cây Cảnh
CCNCAT0044,CCNPOT0078,Chậu Mini Để Bàn
CCNCAT0047,CCNPOT0078,Kiểu Hình Bầu Tròn
CCNCAT0042,CCNPOT0079,Chậu Đất Nung
CCNCAT0041,CCNPOT0079,Chậu Cây Cảnh
CCNCAT0042,CCNPOT0080,Chậu Đất Nung
CCNCAT0041,CCNPOT0080,Chậu Cây Cảnh
CCNCAT0044,CCNPOT0080,Chậu Mini Để Bàn
CCNCAT0042,CCNPOT0081,Chậu Đất Nung
CCNCAT0041,CCNPOT0081,Chậu Cây Cảnh
CCNCAT0044,CCNPOT0081,Chậu Mini Để Bàn
CCNCAT0040,CCNPOT0082,Chậu Gốm Sứ
CCNCAT0041,CCNPOT0082,Chậu Cây Cảnh
CCNCAT0044,CCNPOT0082,Chậu Mini Để Bàn
CCNCAT0047,CCNPOT0082,Kiểu Hình Bầu Tròn
CCNCAT0040,CCNPOT0083,Chậu Gốm Sứ
CCNCAT0041,CCNPOT0083,Chậu Cây Cảnh
CCNCAT0044,CCNPOT0083,Chậu Mini Để Bàn
CCNCAT0047,CCNPOT0083,Kiểu Hình Bầu Tròn
CCNCAT0040,CCNPOT0084,Chậu Gốm Sứ
CCNCAT0041,CCNPOT0084,Chậu Cây Cảnh
CCNCAT0044,CCNPOT0084,Chậu Mini Để Bàn
CCNCAT0047,CCNPOT0084,Kiểu Hình Bầu Tròn
CCNCAT0040,CCNPOT0085,Chậu Gốm Sứ
CCNCAT0041,CCNPOT0085,Chậu Cây Cảnh
CCNCAT0044,CCNPOT0085,Chậu Mini Để Bàn
CCNCAT0047,CCNPOT0085,Kiểu Hình Bầu Tròn
CCNCAT0040,CCNPOT0086,Chậu Gốm Sứ
CCNCAT0041,CCNPOT0086,Chậu Cây Cảnh
CCNCAT0044,CCNPOT0086,Chậu Mini Để Bàn
CCNCAT0047,CCNPOT0086,Kiểu Hình Bầu Tròn
CCNCAT0040,CCNPOT0087,Chậu Gốm Sứ
CCNCAT0041,CCNPOT0087,Chậu Cây Cảnh
CCNCAT0044,CCNPOT0087,Chậu Mini Để Bàn
CCNCAT0047,CCNPOT0087,Kiểu Hình Bầu Tròn
CCNCAT0040,CCNPOT0088,Chậu Gốm Sứ
CCNCAT0041,CCNPOT0088,Chậu Cây Cảnh
CCNCAT0044,CCNPOT0088,Chậu Mini Để Bàn
CCNCAT0047,CCNPOT0088,Kiểu Hình Bầu Tròn
CCNCAT0040,CCNPOT0089,Chậu Gốm Sứ
CCNCAT0041,CCNPOT0089,Chậu Cây Cảnh
CCNCAT0044,CCNPOT0089,Chậu Mini Để Bàn
CCNCAT0047,CCNPOT0089,Kiểu Hình Bầu Tròn
CCNCAT0040,CCNPOT0090,Chậu Gốm Sứ
CCNCAT0041,CCNPOT0090,Chậu Cây Cảnh
CCNCAT0044,CCNPOT0090,Chậu Mini Để Bàn
CCNCAT0047,CCNPOT0090,Kiểu Hình Bầu Tròn
CCNCAT0040,CCNPOT0091,Chậu Gốm Sứ
CCNCAT0041,CCNPOT0091,Chậu Cây Cảnh
CCNCAT0044,CCNPOT0091,Chậu Mini Để Bàn
CCNCAT0047,CCNPOT0091,Kiểu Hình Bầu Tròn
CCNCAT0040,CCNPOT0092,Chậu Gốm Sứ
CCNCAT0041,CCNPOT0092,Chậu Cây Cảnh
CCNCAT0044,CCNPOT0092,Chậu Mini Để Bàn
CCNCAT0047,CCNPOT0092,Kiểu Hình Bầu Tròn
CCNCAT0040,CCNPOT0093,Chậu Gốm Sứ
CCNCAT0041,CCNPOT0093,Chậu Cây Cảnh
CCNCAT0044,CCNPOT0093,Chậu Mini Để Bàn
CCNCAT0047,CCNPOT0093,Kiểu Hình Bầu Tròn
CCNCAT0040,CCNPOT0094,Chậu Gốm Sứ
CCNCAT0041,CCNPOT0094,Chậu Cây Cảnh
CCNCAT0044,CCNPOT0094,Chậu Mini Để Bàn
CCNCAT0047,CCNPOT0094,Kiểu Hình Bầu Tròn
CCNCAT0042,CCNPOT0095,Chậu Đất Nung
CCNCAT0041,CCNPOT0095,Chậu Cây Cảnh
CCNCAT0044,CCNPOT0095,Chậu Mini Để Bàn
CCNCAT0042,CCNPOT0096,Chậu Đất Nung
CCNCAT0041,CCNPOT0096,Chậu Cây Cảnh
CCNCAT0044,CCNPOT0096,Chậu Mini Để Bàn
CCNCAT0042,CCNPOT0097,Chậu Đất Nung
CCNCAT0041,CCNPOT0097,Chậu Cây Cảnh
CCNCAT0044,CCNPOT0097,Chậu Mini Để Bàn
CCNCAT0042,CCNPOT0098,Chậu Đất Nung
CCNCAT0041,CCNPOT0098,Chậu Cây Cảnh
CCNCAT0044,CCNPOT0098,Chậu Mini Để Bàn
CCNCAT0042,CCNPOT0099,Chậu Đất Nung
CCNCAT0041,CCNPOT0099,Chậu Cây Cảnh
CCNCAT0044,CCNPOT0099,Chậu Mini Để Bàn
CCNCAT0040,CCNPOT0100,Chậu Gốm Sứ
CCNCAT0048,CCNPOT0100,Chậu Cao
CCNCAT0041,CCNPOT0100,Chậu Cây Cảnh
CCNCAT0045,CCNPOT0100,Chậu Cỡ Lớn
CCNCAT0046,CCNPOT0100,Chậu Cỡ Trung
CCNCAT0043,CCNPOT0100,Kiểu Trụ Đứng
CCNCAT0042,CCNPOT0101,Chậu Đất Nung
CCNCAT0041,CCNPOT0101,Chậu Cây Cảnh
CCNCAT0044,CCNPOT0101,Chậu Mini Để Bàn
CCNCAT0042,CCNPOT0102,Chậu Đất Nung
CCNCAT0041,CCNPOT0102,Chậu Cây Cảnh
CCNCAT0044,CCNPOT0102,Chậu Mini Để Bàn
CCNCAT0042,CCNPOT0103,Chậu Đất Nung
CCNCAT0041,CCNPOT0103,Chậu Cây Cảnh
CCNCAT0044,CCNPOT0103,Chậu Mini Để Bàn
CCNCAT0042,CCNPOT0104,Chậu Đất Nung
CCNCAT0041,CCNPOT0104,Chậu Cây Cảnh
CCNCAT0044,CCNPOT0104,Chậu Mini Để Bàn
CCNCAT0042,CCNPOT0105,Chậu Đất Nung
CCNCAT0041,CCNPOT0105,Chậu Cây Cảnh
CCNCAT0044,CCNPOT0105,Chậu Mini Để Bàn
CCNCAT0042,CCNPOT0106,Chậu Đất Nung
CCNCAT0041,CCNPOT0106,Chậu Cây Cảnh
CCNCAT0044,CCNPOT0106,Chậu Mini Để Bàn
CCNCAT0042,CCNPOT0107,Chậu Đất Nung
CCNCAT0041,CCNPOT0107,Chậu Cây Cảnh
CCNCAT0044,CCNPOT0107,Chậu Mini Để Bàn
CCNCAT0042,CCNPOT0108,Chậu Đất Nung
CCNCAT0041,CCNPOT0108,Chậu Cây Cảnh
CCNCAT0044,CCNPOT0108,Chậu Mini Để Bàn
CCNCAT0042,CCNPOT0109,Chậu Đất Nung
CCNCAT0041,CCNPOT0109,Chậu Cây Cảnh
CCNCAT0044,CCNPOT0109,Chậu Mini Để Bàn
CCNCAT0042,CCNPOT0110,Chậu Đất Nung
CCNCAT0041,CCNPOT0110,Chậu Cây Cảnh
CCNCAT0044,CCNPOT0110,Chậu Mini Để Bàn
CCNCAT0040,CCNPOT0111,Chậu Gốm Sứ
CCNCAT0041,CCNPOT0111,Chậu Cây Cảnh
CCNCAT0040,CCNPOT0112,Chậu Gốm Sứ
CCNCAT0041,CCNPOT0112,Chậu Cây Cảnh
CCNCAT0040,CCNPOT0113,Chậu Gốm Sứ
CCNCAT0041,CCNPOT0113,Chậu Cây Cảnh
CCNCAT0040,CCNPOT0114,Chậu Gốm Sứ
CCNCAT0041,CCNPOT0114,Chậu Cây Cảnh
CCNCAT0040,CCNPOT0115,Chậu Gốm Sứ
CCNCAT0041,CCNPOT0115,Chậu Cây Cảnh
CCNCAT0040,CCNPOT0116,Chậu Gốm Sứ
CCNCAT0041,CCNPOT0116,Chậu Cây Cảnh
CCNCAT0040,CCNPOT0117,Chậu Gốm Sứ
CCNCAT0041,CCNPOT0117,Chậu Cây Cảnh
CCNCAT0040,CCNPOT0118,Chậu Gốm Sứ
CCNCAT0041,CCNPOT0118,Chậu Cây Cảnh
CCNCAT0040,CCNPOT0119,Chậu Gốm Sứ
CCNCAT0041,CCNPOT0119,Chậu Cây Cảnh
CCNCAT0040,CCNPOT0120,Chậu Gốm Sứ
CCNCAT0041,CCNPOT0120,Chậu Cây Cảnh
CCNCAT0042,CCNPOT0121,Chậu Đất Nung
CCNCAT0041,CCNPOT0121,Chậu Cây Cảnh
CCNCAT0042,CCNPOT0122,Chậu Đất Nung
CCNCAT0041,CCNPOT0122,Chậu Cây Cảnh
CCNCAT0042,CCNPOT0123,Chậu Đất Nung
CCNCAT0041,CCNPOT0123,Chậu Cây Cảnh
CCNCAT0042,CCNPOT0124,Chậu Đất Nung
CCNCAT0041,CCNPOT0124,Chậu Cây Cảnh
CCNCAT0042,CCNPOT0125,Chậu Đất Nung
CCNCAT0041,CCNPOT0125,Chậu Cây Cảnh
CCNCAT0042,CCNPOT0126,Chậu Đất Nung
CCNCAT0041,CCNPOT0126,Chậu Cây Cảnh
CCNCAT0042,CCNPOT0127,Chậu Đất Nung
CCNCAT0041,CCNPOT0127,Chậu Cây Cảnh
CCNCAT0042,CCNPOT0128,Chậu Đất Nung
CCNCAT0041,CCNPOT0128,Chậu Cây Cảnh
CCNCAT0042,CCNPOT0129,Chậu Đất Nung
CCNCAT0041,CCNPOT0129,Chậu Cây Cảnh
CCNCAT0042,CCNPOT0130,Chậu Đất Nung
CCNCAT0041,CCNPOT0130,Chậu Cây Cảnh
CCNCAT0042,CCNPOT0131,Chậu Đất Nung
CCNCAT0041,CCNPOT0131,Chậu Cây Cảnh
CCNCAT0042,CCNPOT0132,Chậu Đất Nung
CCNCAT0041,CCNPOT0132,Chậu Cây Cảnh
CCNCAT0042,CCNPOT0133,Chậu Đất Nung
CCNCAT0041,CCNPOT0133,Chậu Cây Cảnh
CCNCAT0042,CCNPOT0134,Chậu Đất Nung
CCNCAT0041,CCNPOT0134,Chậu Cây Cảnh
CCNCAT0047,CCNPOT0134,Kiểu Hình Bầu Tròn
CCNCAT0042,CCNPOT0135,Chậu Đất Nung
CCNCAT0041,CCNPOT0135,Chậu Cây Cảnh
CCNCAT0042,CCNPOT0136,Chậu Đất Nung
CCNCAT0041,CCNPOT0136,Chậu Cây Cảnh
CCNCAT0042,CCNPOT0137,Chậu Đất Nung
CCNCAT0041,CCNPOT0137,Chậu Cây Cảnh
CCNCAT0042,CCNPOT0138,Chậu Đất Nung
CCNCAT0041,CCNPOT0138,Chậu Cây Cảnh
CCNCAT0042,CCNPOT0139,Chậu Đất Nung
CCNCAT0041,CCNPOT0139,Chậu Cây Cảnh
CCNCAT0042,CCNPOT0140,Chậu Đất Nung
CCNCAT0041,CCNPOT0140,Chậu Cây Cảnh
CCNCAT0042,CCNPOT0141,Chậu Đất Nung
CCNCAT0041,CCNPOT0141,Chậu Cây Cảnh
CCNCAT0042,CCNPOT0142,Chậu Đất Nung
CCNCAT0041,CCNPOT0142,Chậu Cây Cảnh
CCNCAT0047,CCNPOT0142,Kiểu Hình Bầu Tròn
CCNCAT0042,CCNPOT0143,Chậu Đất Nung
CCNCAT0041,CCNPOT0143,Chậu Cây Cảnh
CCNCAT0047,CCNPOT0143,Kiểu Hình Bầu Tròn
CCNCAT0042,CCNPOT0144,Chậu Đất Nung
CCNCAT0041,CCNPOT0144,Chậu Cây Cảnh
CCNCAT0047,CCNPOT0144,Kiểu Hình Bầu Tròn
CCNCAT0042,CCNPOT0145,Chậu Đất Nung
CCNCAT0041,CCNPOT0145,Chậu Cây Cảnh
CCNCAT0042,CCNPOT0146,Chậu Đất Nung
CCNCAT0041,CCNPOT0146,Chậu Cây Cảnh
CCNCAT0044,CCNPOT0146,Chậu Mini Để Bàn
CCNCAT0042,CCNPOT0147,Chậu Đất Nung
CCNCAT0041,CCNPOT0147,Chậu Cây Cảnh
CCNCAT0044,CCNPOT0147,Chậu Mini Để Bàn
CCNCAT0042,CCNPOT0148,Chậu Đất Nung
CCNCAT0041,CCNPOT0148,Chậu Cây Cảnh
CCNCAT0047,CCNPOT0148,Kiểu Hình Bầu Tròn
CCNCAT0042,CCNPOT0149,Chậu Đất Nung
CCNCAT0041,CCNPOT0149,Chậu Cây Cảnh
CCNCAT0044,CCNPOT0149,Chậu Mini Để Bàn
CCNCAT0042,CCNPOT0150,Chậu Đất Nung
CCNCAT0041,CCNPOT0150,Chậu Cây Cảnh
CCNCAT0044,CCNPOT0150,Chậu Mini Để Bàn
CCNCAT0042,CCNPOT0151,Chậu Đất Nung
CCNCAT0041,CCNPOT0151,Chậu Cây Cảnh
CCNCAT0044,CCNPOT0151,Chậu Mini Để Bàn
CCNCAT0042,CCNPOT0152,Chậu Đất Nung
CCNCAT0041,CCNPOT0152,Chậu Cây Cảnh
CCNCAT0044,CCNPOT0152,Chậu Mini Để Bàn
CCNCAT0047,CCNPOT0152,Kiểu Hình Bầu Tròn
CCNCAT0042,CCNPOT0153,Chậu Đất Nung
CCNCAT0041,CCNPOT0153,Chậu Cây Cảnh
CCNCAT0042,CCNPOT0154,Chậu Đất Nung
CCNCAT0041,CCNPOT0154,Chậu Cây Cảnh
CCNCAT0044,CCNPOT0154,Chậu Mini Để Bàn
CCNCAT0047,CCNPOT0154,Kiểu Hình Bầu Tròn
CCNCAT0042,CCNPOT0155,Chậu Đất Nung
CCNCAT0041,CCNPOT0155,Chậu Cây Cảnh
CCNCAT0044,CCNPOT0155,Chậu Mini Để Bàn
CCNCAT0047,CCNPOT0155,Kiểu Hình Bầu Tròn
CCNCAT0042,CCNPOT0156,Chậu Đất Nung
CCNCAT0041,CCNPOT0156,Chậu Cây Cảnh
CCNCAT0044,CCNPOT0156,Chậu Mini Để Bàn
CCNCAT0047,CCNPOT0156,Kiểu Hình Bầu Tròn
CCNCAT0042,CCNPOT0157,Chậu Đất Nung
CCNCAT0041,CCNPOT0157,Chậu Cây Cảnh
CCNCAT0044,CCNPOT0157,Chậu Mini Để Bàn
CCNCAT0047,CCNPOT0157,Kiểu Hình Bầu Tròn
CCNCAT0042,CCNPOT0158,Chậu Đất Nung
CCNCAT0041,CCNPOT0158,Chậu Cây Cảnh
CCNCAT0044,CCNPOT0158,Chậu Mini Để Bàn
CCNCAT0047,CCNPOT0158,Kiểu Hình Bầu Tròn
CCNCAT0042,CCNPOT0159,Chậu Đất Nung
CCNCAT0041,CCNPOT0159,Chậu Cây Cảnh
CCNCAT0044,CCNPOT0159,Chậu Mini Để Bàn
CCNCAT0047,CCNPOT0159,Kiểu Hình Bầu Tròn
CCNCAT0042,CCNPOT0160,Chậu Đất Nung
CCNCAT0041,CCNPOT0160,Chậu Cây Cảnh
CCNCAT0044,CCNPOT0160,Chậu Mini Để Bàn
CCNCAT0047,CCNPOT0160,Kiểu Hình Bầu Tròn
CCNCAT0042,CCNPOT0161,Chậu Đất Nung
CCNCAT0041,CCNPOT0161,Chậu Cây Cảnh
CCNCAT0044,CCNPOT0161,Chậu Mini Để Bàn
CCNCAT0047,CCNPOT0161,Kiểu Hình Bầu Tròn
CCNCAT0042,CCNPOT0162,Chậu Đất Nung
CCNCAT0041,CCNPOT0162,Chậu Cây Cảnh
CCNCAT0044,CCNPOT0162,Chậu Mini Để Bàn
CCNCAT0047,CCNPOT0162,Kiểu Hình Bầu Tròn
CCNCAT0042,CCNPOT0163,Chậu Đất Nung
CCNCAT0041,CCNPOT0163,Chậu Cây Cảnh
CCNCAT0044,CCNPOT0163,Chậu Mini Để Bàn
CCNCAT0047,CCNPOT0163,Kiểu Hình Bầu Tròn
CCNCAT0042,CCNPOT0164,Chậu Đất Nung
CCNCAT0041,CCNPOT0164,Chậu Cây Cảnh
CCNCAT0044,CCNPOT0164,Chậu Mini Để Bàn
CCNCAT0047,CCNPOT0164,Kiểu Hình Bầu Tròn
CCNCAT0042,CCNPOT0165,Chậu Đất Nung
CCNCAT0041,CCNPOT0165,Chậu Cây Cảnh
CCNCAT0044,CCNPOT0165,Chậu Mini Để Bàn
CCNCAT0047,CCNPOT0165,Kiểu Hình Bầu Tròn
CCNCAT0042,CCNPOT0166,Chậu Đất Nung
CCNCAT0041,CCNPOT0166,Chậu Cây Cảnh
CCNCAT0044,CCNPOT0166,Chậu Mini Để Bàn
CCNCAT0047,CCNPOT0166,Kiểu Hình Bầu Tròn
CCNCAT0042,CCNPOT0167,Chậu Đất Nung
CCNCAT0041,CCNPOT0167,Chậu Cây Cảnh
CCNCAT0044,CCNPOT0167,Chậu Mini Để Bàn
CCNCAT0047,CCNPOT0167,Kiểu Hình Bầu Tròn
CCNCAT0042,CCNPOT0168,Chậu Đất Nung
CCNCAT0041,CCNPOT0168,Chậu Cây Cảnh
CCNCAT0044,CCNPOT0168,Chậu Mini Để Bàn
CCNCAT0047,CCNPOT0168,Kiểu Hình Bầu Tròn
CCNCAT0042,CCNPOT0169,Chậu Đất Nung
CCNCAT0041,CCNPOT0169,Chậu Cây Cảnh
CCNCAT0044,CCNPOT0169,Chậu Mini Để Bàn
CCNCAT0047,CCNPOT0169,Kiểu Hình Bầu Tròn
CCNCAT0042,CCNPOT0170,Chậu Đất Nung
CCNCAT0041,CCNPOT0170,Chậu Cây Cảnh
CCNCAT0047,CCNPOT0170,Kiểu Hình Bầu Tròn
CCNCAT0042,CCNPOT0171,Chậu Đất Nung
CCNCAT0041,CCNPOT0171,Chậu Cây Cảnh
CCNCAT0044,CCNPOT0171,Chậu Mini Để Bàn
CCNCAT0042,CCNPOT0172,Chậu Đất Nung
CCNCAT0041,CCNPOT0172,Chậu Cây Cảnh
CCNCAT0044,CCNPOT0172,Chậu Mini Để Bàn
CCNCAT0047,CCNPOT0172,Kiểu Hình Bầu Tròn
CCNCAT0042,CCNPOT0173,Chậu Đất Nung
CCNCAT0041,CCNPOT0173,Chậu Cây Cảnh
CCNCAT0047,CCNPOT0173,Kiểu Hình Bầu Tròn
CCNCAT0042,CCNPOT0174,Chậu Đất Nung
CCNCAT0041,CCNPOT0174,Chậu Cây Cảnh
CCNCAT0047,CCNPOT0174,Kiểu Hình Bầu Tròn
CCNCAT0042,CCNPOT0175,Chậu Đất Nung
CCNCAT0041,CCNPOT0175,Chậu Cây Cảnh
CCNCAT0047,CCNPOT0175,Kiểu Hình Bầu Tròn
CCNCAT0042,CCNPOT0176,Chậu Đất Nung
CCNCAT0041,CCNPOT0176,Chậu Cây Cảnh
CCNCAT0047,CCNPOT0176,Kiểu Hình Bầu Tròn
CCNCAT0042,CCNPOT0177,Chậu Đất Nung
CCNCAT0041,CCNPOT0177,Chậu Cây Cảnh
CCNCAT0047,CCNPOT0177,Kiểu Hình Bầu Tròn
CCNCAT0042,CCNPOT0178,Chậu Đất Nung
CCNCAT0041,CCNPOT0178,Chậu Cây Cảnh
CCNCAT0044,CCNPOT0178,Chậu Mini Để Bàn
CCNCAT0047,CCNPOT0178,Kiểu Hình Bầu Tròn
CCNCAT0042,CCNPOT0179,Chậu Đất Nung
CCNCAT0041,CCNPOT0179,Chậu Cây Cảnh
CCNCAT0044,CCNPOT0179,Chậu Mini Để Bàn
CCNCAT0047,CCNPOT0179,Kiểu Hình Bầu Tròn
CCNCAT0042,CCNPOT0180,Chậu Đất Nung
CCNCAT0041,CCNPOT0180,Chậu Cây Cảnh
CCNCAT0044,CCNPOT0180,Chậu Mini Để Bàn
CCNCAT0047,CCNPOT0180,Kiểu Hình Bầu Tròn
CCNCAT0042,CCNPOT0181,Chậu Đất Nung
CCNCAT0041,CCNPOT0181,Chậu Cây Cảnh
CCNCAT0044,CCNPOT0181,Chậu Mini Để Bàn
CCNCAT0047,CCNPOT0181,Kiểu Hình Bầu Tròn
CCNCAT0042,CCNPOT0182,Chậu Đất Nung
CCNCAT0041,CCNPOT0182,Chậu Cây Cảnh
CCNCAT0044,CCNPOT0182,Chậu Mini Để Bàn
CCNCAT0047,CCNPOT0182,Kiểu Hình Bầu Tròn
CCNCAT0042,CCNPOT0183,Chậu Đất Nung
CCNCAT0041,CCNPOT0183,Chậu Cây Cảnh
CCNCAT0047,CCNPOT0183,Kiểu Hình Bầu Tròn
CCNCAT0042,CCNPOT0184,Chậu Đất Nung
CCNCAT0041,CCNPOT0184,Chậu Cây Cảnh
CCNCAT0047,CCNPOT0184,Kiểu Hình Bầu Tròn
CCNCAT0042,CCNPOT0185,Chậu Đất Nung
CCNCAT0041,CCNPOT0185,Chậu Cây Cảnh
CCNCAT0044,CCNPOT0185,Chậu Mini Để Bàn
CCNCAT0047,CCNPOT0185,Kiểu Hình Bầu Tròn
CCNCAT0042,CCNPOT0186,Chậu Đất Nung
CCNCAT0041,CCNPOT0186,Chậu Cây Cảnh
CCNCAT0044,CCNPOT0186,Chậu Mini Để Bàn
CCNCAT0047,CCNPOT0186,Kiểu Hình Bầu Tròn
CCNCAT0042,CCNPOT0187,Chậu Đất Nung
CCNCAT0041,CCNPOT0187,Chậu Cây Cảnh
CCNCAT0044,CCNPOT0187,Chậu Mini Để Bàn
CCNCAT0047,CCNPOT0187,Kiểu Hình Bầu Tròn
CCNCAT0042,CCNPOT0188,Chậu Đất Nung
CCNCAT0041,CCNPOT0188,Chậu Cây Cảnh
CCNCAT0044,CCNPOT0188,Chậu Mini Để Bàn
CCNCAT0047,CCNPOT0188,Kiểu Hình Bầu Tròn
CCNCAT0042,CCNPOT0189,Chậu Đất Nung
CCNCAT0041,CCNPOT0189,Chậu Cây Cảnh
CCNCAT0044,CCNPOT0189,Chậu Mini Để Bàn
CCNCAT0047,CCNPOT0189,Kiểu Hình Bầu Tròn
CCNCAT0042,CCNPOT0190,Chậu Đất Nung
CCNCAT0041,CCNPOT0190,Chậu Cây Cảnh
CCNCAT0044,CCNPOT0190,Chậu Mini Để Bàn
CCNCAT0047,CCNPOT0190,Kiểu Hình Bầu Tròn
CCNCAT0042,CCNPOT0191,Chậu Đất Nung
CCNCAT0041,CCNPOT0191,Chậu Cây Cảnh
CCNCAT0044,CCNPOT0191,Chậu Mini Để Bàn
CCNCAT0047,CCNPOT0191,Kiểu Hình Bầu Tròn
CCNCAT0042,CCNPOT0192,Chậu Đất Nung
CCNCAT0041,CCNPOT0192,Chậu Cây Cảnh
CCNCAT0044,CCNPOT0192,Chậu Mini Để Bàn
CCNCAT0047,CCNPOT0192,Kiểu Hình Bầu Tròn
CCNCAT0042,CCNPOT0193,Chậu Đất Nung
CCNCAT0041,CCNPOT0193,Chậu Cây Cảnh
CCNCAT0044,CCNPOT0193,Chậu Mini Để Bàn
CCNCAT0047,CCNPOT0193,Kiểu Hình Bầu Tròn
CCNCAT0042,CCNPOT0194,Chậu Đất Nung
CCNCAT0041,CCNPOT0194,Chậu Cây Cảnh
CCNCAT0044,CCNPOT0194,Chậu Mini Để Bàn
CCNCAT0047,CCNPOT0194,Kiểu Hình Bầu Tròn
CCNCAT0042,CCNPOT0195,Chậu Đất Nung
CCNCAT0041,CCNPOT0195,Chậu Cây Cảnh
CCNCAT0044,CCNPOT0195,Chậu Mini Để Bàn
CCNCAT0047,CCNPOT0195,Kiểu Hình Bầu Tròn
CCNCAT0042,CCNPOT0196,Chậu Đất Nung
CCNCAT0041,CCNPOT0196,Chậu Cây Cảnh
CCNCAT0044,CCNPOT0196,Chậu Mini Để Bàn
CCNCAT0047,CCNPOT0196,Kiểu Hình Bầu Tròn
CCNCAT0049,CCNPOT0197,Chậu Nhựa
CCNCAT0041,CCNPOT0197,Chậu Cây Cảnh
CCNCAT0049,CCNPOT0198,Chậu Nhựa
CCNCAT0041,CCNPOT0198,Chậu Cây Cảnh
CCNCAT0049,CCNPOT0199,Chậu Nhựa
CCNCAT0041,CCNPOT0199,Chậu Cây Cảnh
CCNCAT0049,CCNPOT0200,Chậu Nhựa
CCNCAT0041,CCNPOT0200,Chậu Cây Cảnh
CCNCAT0050,CCNPOT0200,Kiểu Chậu Treo
CCNCAT0049,CCNPOT0201,Chậu Nhựa
CCNCAT0041,CCNPOT0201,Chậu Cây Cảnh
CCNCAT0050,CCNPOT0201,Kiểu Chậu Treo
CCNCAT0049,CCNPOT0202,Chậu Nhựa
CCNCAT0041,CCNPOT0202,Chậu Cây Cảnh
CCNCAT0050,CCNPOT0202,Kiểu Chậu Treo
CCNCAT0049,CCNPOT0203,Chậu Nhựa
CCNCAT0041,CCNPOT0203,Chậu Cây Cảnh
CCNCAT0049,CCNPOT0204,Chậu Nhựa
CCNCAT0041,CCNPOT0204,Chậu Cây Cảnh
CCNCAT0049,CCNPOT0205,Chậu Nhựa
CCNCAT0041,CCNPOT0205,Chậu Cây Cảnh
CCNCAT0049,CCNPOT0206,Chậu Nhựa
CCNCAT0041,CCNPOT0206,Chậu Cây Cảnh
CCNCAT0049,CCNPOT0207,Chậu Nhựa
CCNCAT0041,CCNPOT0207,Chậu Cây Cảnh
CCNCAT0049,CCNPOT0208,Chậu Nhựa
CCNCAT0041,CCNPOT0208,Chậu Cây Cảnh
CCNCAT0049,CCNPOT0209,Chậu Nhựa
CCNCAT0041,CCNPOT0209,Chậu Cây Cảnh
CCNCAT0049,CCNPOT0210,Chậu Nhựa
CCNCAT0041,CCNPOT0210,Chậu Cây Cảnh
CCNCAT0049,CCNPOT0211,Chậu Nhựa
CCNCAT0041,CCNPOT0211,Chậu Cây Cảnh
CCNCAT0049,CCNPOT0212,Chậu Nhựa
CCNCAT0041,CCNPOT0212,Chậu Cây Cảnh
CCNCAT0038,CCNPOT0213,Chậu Xi Măng
CCNCAT0041,CCNPOT0213,Chậu Cây Cảnh
CCNCAT0051,CCNPOT0213,Kiểu Chậu Vuông
CCNCAT0038,CCNPOT0214,Chậu Xi Măng
CCNCAT0041,CCNPOT0214,Chậu Cây Cảnh
CCNCAT0051,CCNPOT0214,Kiểu Chậu Vuông
CCNCAT0038,CCNPOT0215,Chậu Xi Măng
CCNCAT0043,CCNPOT0215,Kiểu Trụ Đứng
CCNCAT0038,CCNPOT0216,Chậu Xi Măng
CCNCAT0041,CCNPOT0216,Chậu Cây Cảnh
CCNCAT0051,CCNPOT0216,Kiểu Chậu Vuông
CCNCAT0038,CCNPOT0217,Chậu Xi Măng
CCNCAT0041,CCNPOT0217,Chậu Cây Cảnh
CCNCAT0047,CCNPOT0217,Kiểu Hình Bầu Tròn
CCNCAT0038,CCNPOT0218,Chậu Xi Măng
CCNCAT0041,CCNPOT0218,Chậu Cây Cảnh
CCNCAT0047,CCNPOT0218,Kiểu Hình Bầu Tròn
CCNCAT0038,CCNPOT0219,Chậu Xi Măng
CCNCAT0041,CCNPOT0219,Chậu Cây Cảnh
CCNCAT0043,CCNPOT0219,Kiểu Trụ Đứng
CCNCAT0038,CCNPOT0220,Chậu Xi Măng
CCNCAT0041,CCNPOT0220,Chậu Cây Cảnh
CCNCAT0039,CCNPOT0220,Kiểu Hình Bầu
CCNCAT0042,CCNPOT0221,Chậu Đất Nung
CCNCAT0041,CCNPOT0221,Chậu Cây Cảnh
