IMAGEID,POTID,IMAGEURL
CCNPPI0000,CCNPOT0000,https://mowgarden.com/wp-content/uploads/2023/04/chau-da-mai-vot-day-3.jpg
CCNPPI0001,CCNPOT0000,https://mowgarden.com/wp-content/uploads/2023/03/chau-xi-mang-da-mai-remy-5.jpg
CCNPPI0002,CCNPOT0000,https://mowgarden.com/wp-content/uploads/2023/04/chau-da-mai-vot-day-2.jpg
CCNPPI0003,CCNPOT0000,https://mowgarden.com/wp-content/uploads/2023/04/chau-da-mai-vot-day-1.jpg
CCNPPI0004,CCNPOT0001,https://mowgarden.com/wp-content/uploads/2023/04/chau-xi-mang-hinh-tru-son-den-1.jpg
CCNPPI0005,CCNPOT0001,https://mowgarden.com/wp-content/uploads/2023/04/chau-xi-mang-hinh-tru-son-den-2.jpg
CCNPPI0006,CCNPOT0002,https://mowgarden.com/wp-content/uploads/2023/04/chau-su-hinh-tru-hoa-tiet-geo-1.jpg
CCNPPI0007,CCNPOT0002,https://mowgarden.com/wp-content/uploads/2023/04/chau-su-hinh-tru-hoa-tiet-geo-4.jpg
CCNPPI0008,CCNPOT0002,https://mowgarden.com/wp-content/uploads/2023/04/chau-su-hinh-tru-hoa-tiet-geo-3.jpg
CCNPPI0009,CCNPOT0002,https://mowgarden.com/wp-content/uploads/2023/04/chau-su-hinh-tru-hoa-tiet-geo-2.jpg
CCNPPI0010,CCNPOT0003,https://mowgarden.com/wp-content/uploads/2023/04/chau-su-trang-hoa-tiet-monstera-1.jpg
CCNPPI0011,CCNPOT0003,https://mowgarden.com/wp-content/uploads/2023/04/chau-su-trang-hoa-tiet-monstera-2.jpg
CCNPPI0012,CCNPOT0003,https://mowgarden.com/wp-content/uploads/2023/04/chau-su-trang-hoa-tiet-monstera-3.jpg
CCNPPI0013,CCNPOT0003,https://mowgarden.com/wp-content/uploads/2023/04/chau-su-trang-hoa-tiet-monstera-4.jpg
CCNPPI0014,CCNPOT0004,https://mowgarden.com/wp-content/uploads/2023/04/chau-su-trang-trang-tri-hoa-tiet-4.jpg
CCNPPI0015,CCNPOT0004,https://mowgarden.com/wp-content/uploads/2023/04/chau-su-trang-trang-tri-hoa-tiet-2.jpg
CCNPPI0016,CCNPOT0004,https://mowgarden.com/wp-content/uploads/2023/04/chau-su-trang-trang-tri-hoa-tiet-1.jpg
CCNPPI0017,CCNPOT0004,https://mowgarden.com/wp-content/uploads/2023/04/chau-su-trang-trang-tri-hoa-tiet.jpg
CCNPPI0018,CCNPOT0005,https://mowgarden.com/wp-content/uploads/2023/04/chau-gom-su-hoa-cuc.jpg
CCNPPI0019,CCNPOT0005,https://mowgarden.com/wp-content/uploads/2023/04/chau-gom-su-hoa-cuc-3.jpg
CCNPPI0020,CCNPOT0005,https://mowgarden.com/wp-content/uploads/2023/04/chau-gom-su-hoa-cuc-2.jpg
CCNPPI0021,CCNPOT0005,https://mowgarden.com/wp-content/uploads/2023/04/chau-gom-su-hoa-cuc-1.jpg
CCNPPI0022,CCNPOT0006,https://mowgarden.com/wp-content/uploads/2023/04/chau-su-hinh-tru-trung-mau-trang-1.jpg
CCNPPI0023,CCNPOT0006,https://mowgarden.com/wp-content/uploads/2023/04/chau-su-hinh-tru-trung-mau-trang-2.jpg
CCNPPI0024,CCNPOT0006,https://mowgarden.com/wp-content/uploads/2023/04/chau-su-hinh-tru-trung-mau-trang-3.jpg
CCNPPI0025,CCNPOT0006,https://mowgarden.com/wp-content/uploads/2023/04/chau-su-hinh-tru-trung-mau-trang-4.jpg
CCNPPI0026,CCNPOT0007,https://mowgarden.com/wp-content/uploads/2023/04/chau-su-hinh-khoi-vuong-van-gon-song-1.jpg
CCNPPI0027,CCNPOT0007,https://mowgarden.com/wp-content/uploads/2023/04/chau-su-hinh-khoi-vuong-van-gon-song-2.jpg
CCNPPI0028,CCNPOT0007,https://mowgarden.com/wp-content/uploads/2023/04/chau-su-hinh-khoi-vuong-van-gon-song-3.jpg
CCNPPI0029,CCNPOT0007,https://mowgarden.com/wp-content/uploads/2023/04/chau-su-hinh-khoi-vuong-van-gon-song-4.jpg
CCNPPI0030,CCNPOT0008,https://mowgarden.com/wp-content/uploads/2023/04/chau-gom-su-tru-tron-trang-hoa-tiet-ke-soc-1.jpg
CCNPPI0031,CCNPOT0008,https://mowgarden.com/wp-content/uploads/2023/04/chau-gom-su-tru-tron-trang-hoa-tiet-ke-soc-2.jpg
CCNPPI0032,CCNPOT0008,https://mowgarden.com/wp-content/uploads/2023/04/chau-gom-su-tru-tron-trang-hoa-tiet-ke-soc-3.jpg
CCNPPI0033,CCNPOT0008,https://mowgarden.com/wp-content/uploads/2023/04/chau-gom-su-tru-tron-trang-hoa-tiet-ke-soc-4.jpg
CCNPPI0034,CCNPOT0009,https://mowgarden.com/wp-content/uploads/2023/03/chau-xi-mang-da-mai-granito-dang-remy.jpg
CCNPPI0035,CCNPOT0009,https://mowgarden.com/wp-content/uploads/2023/03/chau-xi-mang-da-mai-remy-5.jpg
CCNPPI0036,CCNPOT0009,https://mowgarden.com/wp-content/uploads/2023/03/chau-xi-mang-da-mai-remy-4.jpg
CCNPPI0037,CCNPOT0009,https://mowgarden.com/wp-content/uploads/2023/03/chau-xi-mang-da-mai-remy-3.jpg
CCNPPI0038,CCNPOT0009,https://mowgarden.com/wp-content/uploads/2023/03/chau-xi-mang-da-mai-remy-7.jpg
CCNPPI0039,CCNPOT0010,https://mowgarden.com/wp-content/uploads/2023/03/chau-dat-nung-son-wax-1.jpg
CCNPPI0040,CCNPOT0010,https://mowgarden.com/wp-content/uploads/2023/03/chau-dat-nung-son-wax-3.jpg
CCNPPI0041,CCNPOT0010,https://mowgarden.com/wp-content/uploads/2023/03/chau-dat-nung-son-wax-2.jpg
CCNPPI0042,CCNPOT0010,https://mowgarden.com/wp-content/uploads/2023/03/chau-dat-nung-son-wax-4.jpg
CCNPPI0043,CCNPOT0011,https://mowgarden.com/wp-content/uploads/2023/03/chau-gom-su-hoa-tiet-tam-giac-1.jpg
CCNPPI0044,CCNPOT0011,https://mowgarden.com/wp-content/uploads/2023/03/chau-gom-su-hoa-tiet-tam-giac-2.jpg
CCNPPI0045,CCNPOT0011,https://mowgarden.com/wp-content/uploads/2023/03/chau-gom-su-hoa-tiet-tam-giac-4.jpg
CCNPPI0046,CCNPOT0011,https://mowgarden.com/wp-content/uploads/2023/03/chau-gom-su-hoa-tiet-tam-giac-3.jpg
CCNPPI0047,CCNPOT0012,https://mowgarden.com/wp-content/uploads/2023/03/chau-gom-su-hoa-tiet-o-vuong-1.jpg
CCNPPI0048,CCNPOT0012,https://mowgarden.com/wp-content/uploads/2023/03/chau-gom-su-hoa-tiet-o-vuong-2.jpg
CCNPPI0049,CCNPOT0012,https://mowgarden.com/wp-content/uploads/2023/03/chau-gom-su-hoa-tiet-o-vuong-3.jpg
CCNPPI0050,CCNPOT0012,https://mowgarden.com/wp-content/uploads/2023/03/chau-gom-su-hoa-tiet-o-vuong-4.jpg
CCNPPI0051,CCNPOT0013,https://mowgarden.com/wp-content/uploads/2023/03/chau-gom-su-hoa-tiet-dan-may-1.jpg
CCNPPI0052,CCNPOT0013,https://mowgarden.com/wp-content/uploads/2023/03/chau-gom-su-hoa-tiet-dan-may-3.jpg
CCNPPI0053,CCNPOT0013,https://mowgarden.com/wp-content/uploads/2023/03/chau-gom-su-hoa-tiet-dan-may-2.jpg
CCNPPI0054,CCNPOT0014,https://mowgarden.com/wp-content/uploads/2023/03/chau-gom-su-hoa-tiet-tho-cam-1.jpg
CCNPPI0055,CCNPOT0014,https://mowgarden.com/wp-content/uploads/2023/03/chau-gom-su-hoa-tiet-tho-cam-2.jpg
CCNPPI0056,CCNPOT0014,https://mowgarden.com/wp-content/uploads/2023/03/chau-gom-su-hoa-tiet-tho-cam-4.jpg
CCNPPI0057,CCNPOT0014,https://mowgarden.com/wp-content/uploads/2023/03/chau-gom-su-hoa-tiet-tho-cam-3.jpg
CCNPPI0058,CCNPOT0015,https://mowgarden.com/wp-content/uploads/2023/03/chau-xi-mang-da-mai-van-quan-roi-1.jpg
CCNPPI0059,CCNPOT0015,https://mowgarden.com/wp-content/uploads/2023/03/chau-xi-mang-da-mai-van-quan-roi-4.jpg
CCNPPI0060,CCNPOT0015,https://mowgarden.com/wp-content/uploads/2023/03/chau-xi-mang-da-mai-van-quan-roi-3.jpg
CCNPPI0061,CCNPOT0015,https://mowgarden.com/wp-content/uploads/2023/03/chau-xi-mang-da-mai-van-quan-roi-2.1.jpg
CCNPPI0062,CCNPOT0015,https://mowgarden.com/wp-content/uploads/2023/03/chau-xi-mang-da-mai-van-quan-roi-5.jpg
CCNPPI0063,CCNPOT0016,https://mowgarden.com/wp-content/uploads/2022/12/chau-xi-mang-da-mai-ve.jpg
CCNPPI0064,CCNPOT0017,https://mowgarden.com/wp-content/uploads/2021/04/chau-xi-mang-da-mai-tru-tron.jpg
CCNPPI0065,CCNPOT0017,https://mowgarden.com/wp-content/uploads/2021/04/chau-xi-mang-da-mai-tron-ong-thap-5.jpg
CCNPPI0066,CCNPOT0018,https://mowgarden.com/wp-content/uploads/2022/12/chau-xi-mang-dai-mai-son-hoa-tiet.jpg
CCNPPI0067,CCNPOT0019,https://mowgarden.com/wp-content/uploads/2022/11/chau-xi-mang-son-mau.jpg
CCNPPI0068,CCNPOT0020,https://mowgarden.com/wp-content/uploads/2022/11/chau-xi-mang-da-mai-giot-nuoc.jpg
CCNPPI0069,CCNPOT0020,https://mowgarden.com/wp-content/uploads/2022/11/chau-xi-mang-da-mai-giot-nuoc-mau-den.jpg
CCNPPI0070,CCNPOT0021,https://mowgarden.com/wp-content/uploads/2022/11/chau-xi-mang-da-mai-son-mau.jpg
CCNPPI0071,CCNPOT0022,https://mowgarden.com/wp-content/uploads/2022/11/chau-xi-mang-da-mai-hinh-dau-dan.jpg
CCNPPI0072,CCNPOT0023,https://mowgarden.com/wp-content/uploads/2022/11/chau-xi-mang-da-mai-dau-dan.jpg
CCNPPI0073,CCNPOT0024,https://mowgarden.com/wp-content/uploads/2022/11/chau-xi-mang-da-mai-hoa-tiet-zig-zac-1-1.jpg
CCNPPI0074,CCNPOT0025,https://mowgarden.com/wp-content/uploads/2022/11/chau-gom-su-son-nhu-vang-2.jpg
CCNPPI0075,CCNPOT0026,https://mowgarden.com/wp-content/uploads/2022/11/chau-gom-su-son-nhu-vang-1.jpg
CCNPPI0076,CCNPOT0027,https://mowgarden.com/wp-content/uploads/2022/11/chau-xi-mang-da-mai-remy-thap-37x35-1.jpg
CCNPPI0077,CCNPOT0028,https://mowgarden.com/wp-content/uploads/2022/11/chau-xi-mang-da-mai-hinh-tru-tron-1.jpg
CCNPPI0078,CCNPOT0028,https://mowgarden.com/wp-content/uploads/2022/11/chau-xi-mang-da-mai-hinh-tru-tron-2.jpg
CCNPPI0079,CCNPOT0029,https://mowgarden.com/wp-content/uploads/2022/11/chau-xi-mang-da-mai-hinh-lu-1.jpg
CCNPPI0080,CCNPOT0030,https://mowgarden.com/wp-content/uploads/2022/11/chau-xi-mang-da-mai-giot-nuoc-nho-1.jpg
CCNPPI0081,CCNPOT0030,https://mowgarden.com/wp-content/uploads/2022/11/chau-xi-mang-da-mai-giot-nuoc-nho-2.jpg
CCNPPI0082,CCNPOT0030,https://mowgarden.com/wp-content/uploads/2022/11/chau-xi-mang-da-mai-giot-nuoc-nho-3.jpg
CCNPPI0083,CCNPOT0031,https://mowgarden.com/wp-content/uploads/2022/11/chau-dat-nung-dang-tron-bau-hoa-cuc-1.jpg
CCNPPI0084,CCNPOT0031,https://mowgarden.com/wp-content/uploads/2022/11/chau-dat-nung-dang-tron-bau-hoa-cuc-4.jpg
CCNPPI0085,CCNPOT0031,https://mowgarden.com/wp-content/uploads/2022/11/chau-dat-nung-dang-tron-bau-hoa-cuc-2.jpg
CCNPPI0086,CCNPOT0031,https://mowgarden.com/wp-content/uploads/2022/11/chau-dat-nung-dang-tron-bau-hoa-cuc-3.jpg
CCNPPI0087,CCNPOT0032,https://mowgarden.com/wp-content/uploads/2022/11/chau-dat-nung-tru-tron-vat-day.jpg
CCNPPI0088,CCNPOT0033,https://mowgarden.com/wp-content/uploads/2022/11/chau-dat-nung-den-son-nham.jpg
CCNPPI0089,CCNPOT0034,https://mowgarden.com/wp-content/uploads/2022/11/chau-dat-nung-hoa-tiet-hoa-cuc-1.jpg
CCNPPI0090,CCNPOT0034,https://mowgarden.com/wp-content/uploads/2022/11/chau-dat-nung-hoa-tiet-hoa-cuc-2.jpg
CCNPPI0091,CCNPOT0035,https://mowgarden.com/wp-content/uploads/2022/11/chau-dat-nung-wax-xanh-1.jpg
CCNPPI0092,CCNPOT0035,https://mowgarden.com/wp-content/uploads/2022/11/chau-dat-nung-wax-xanh-2.jpg
CCNPPI0093,CCNPOT0036,https://mowgarden.com/wp-content/uploads/2022/11/chau-dat-nung-son-cao-cap-1.jpg
CCNPPI0094,CCNPOT0036,https://mowgarden.com/wp-content/uploads/2022/11/chau-dat-nung-son-cao-cap-2.jpg
CCNPPI0095,CCNPOT0036,https://mowgarden.com/wp-content/uploads/2022/11/chau-dat-nung-cao-cap-3.jpg
CCNPPI0096,CCNPOT0036,https://mowgarden.com/wp-content/uploads/2022/11/chau-dat-nung-cao-cap-4.jpg
CCNPPI0097,CCNPOT0037,https://mowgarden.com/wp-content/uploads/2022/11/chau-dat-nung-vintage-1.jpg
CCNPPI0098,CCNPOT0037,https://mowgarden.com/wp-content/uploads/2022/11/chau-dat-nung-vintage-2.jpg
CCNPPI0099,CCNPOT0037,https://mowgarden.com/wp-content/uploads/2022/11/chau-dat-nung-vintage-3.jpg
CCNPPI0100,CCNPOT0038,https://mowgarden.com/wp-content/uploads/2022/11/chau-dat-nung-tru-tron-1.jpg
CCNPPI0101,CCNPOT0038,https://mowgarden.com/wp-content/uploads/2022/11/chau-dat-nung-tru-tron-2.jpg
CCNPPI0102,CCNPOT0039,https://mowgarden.com/wp-content/uploads/2022/11/chau-gom-su-hoa-tiet-hoa-1.jpg
CCNPPI0103,CCNPOT0039,https://mowgarden.com/wp-content/uploads/2022/11/chau-gom-su-hoa-tiet-hoa-2.jpg
CCNPPI0104,CCNPOT0040,https://mowgarden.com/wp-content/uploads/2022/11/chau-dat-nung-son-trang-van-tho-cam.jpg
CCNPPI0105,CCNPOT0040,https://mowgarden.com/wp-content/uploads/2022/11/chau-dat-nung-son-xanh-tho-cam.jpg
CCNPPI0106,CCNPOT0041,https://mowgarden.com/wp-content/uploads/2022/11/chau-dat-nung-tru-tron-gan-ke.jpg
CCNPPI0107,CCNPOT0042,https://mowgarden.com/wp-content/uploads/2022/11/chau-gom-su-hinh-da-giac.jpg
CCNPPI0108,CCNPOT0043,https://mowgarden.com/wp-content/uploads/2022/11/chau-gom-su-mau-xanh-2.jpg
CCNPPI0109,CCNPOT0043,https://mowgarden.com/wp-content/uploads/2022/11/chau-gom-su-mau-xanh-4.jpg
CCNPPI0110,CCNPOT0043,https://mowgarden.com/wp-content/uploads/2022/11/chau-gom-su-mau-xanh-3.jpg
CCNPPI0111,CCNPOT0043,https://mowgarden.com/wp-content/uploads/2022/11/chau-gom-su-mau-xanh-1.jpg
CCNPPI0112,CCNPOT0044,https://mowgarden.com/wp-content/uploads/2022/11/chau-gom-su-hoa-tiet-tho-cam.jpg
CCNPPI0113,CCNPOT0045,https://mowgarden.com/wp-content/uploads/2022/11/chau-gom-su-gan-soc-mau-trang.jpg
CCNPPI0114,CCNPOT0046,https://mowgarden.com/wp-content/uploads/2022/11/chau-gom-su-van-giot-nuoc.jpg
CCNPPI0115,CCNPOT0047,https://mowgarden.com/wp-content/uploads/2022/11/chau-gom-su-mau-trang.jpg
CCNPPI0116,CCNPOT0048,https://mowgarden.com/wp-content/uploads/2022/11/chau-gom-su-3-mau-1a.jpg
CCNPPI0117,CCNPOT0048,https://mowgarden.com/wp-content/uploads/2022/11/chau-gom-su-3-mau-2.jpg
CCNPPI0118,CCNPOT0049,https://mowgarden.com/wp-content/uploads/2022/11/chau-gom-su-hoa-tiet-hinh-la-1a.jpg
CCNPPI0119,CCNPOT0049,https://mowgarden.com/wp-content/uploads/2022/11/chau-gom-su-hoa-tiet-hinh-la-3.jpg
CCNPPI0120,CCNPOT0049,https://mowgarden.com/wp-content/uploads/2022/11/chau-gom-su-hoa-tiet-hinh-la-2a.jpg
CCNPPI0121,CCNPOT0050,https://mowgarden.com/wp-content/uploads/2022/11/chau-gom-su-tron-gan-noi-1.jpg
CCNPPI0122,CCNPOT0050,https://mowgarden.com/wp-content/uploads/2022/11/chau-gom-su-tron-gan-noi-2.jpg
CCNPPI0123,CCNPOT0051,https://mowgarden.com/wp-content/uploads/2022/11/chau-dat-nung-hinh-loa-son-trang-tri-1-1.jpg
CCNPPI0124,CCNPOT0051,https://mowgarden.com/wp-content/uploads/2022/11/chau-dat-nung-hinh-loa-son-trang-tri-2-1.jpg
CCNPPI0125,CCNPOT0052,https://mowgarden.com/wp-content/uploads/2022/11/chau-dat-nung-gan-soc-1.jpg
CCNPPI0126,CCNPOT0052,https://mowgarden.com/wp-content/uploads/2022/11/chau-dat-nung-gan-soc-2.jpg
CCNPPI0127,CCNPOT0053,https://mowgarden.com/wp-content/uploads/2022/11/chau-gom-su-tru-tron-de-ban.jpg
CCNPPI0128,CCNPOT0053,https://mowgarden.com/wp-content/uploads/2022/11/cay-da-bup-do-cam-thach-chau-gom-su.jpg
CCNPPI0129,CCNPOT0054,https://mowgarden.com/wp-content/uploads/2022/11/chau-gom-su-van-caro-1.jpg
CCNPPI0130,CCNPOT0054,https://mowgarden.com/wp-content/uploads/2022/11/chau-gom-su-van-caro-2.jpg
CCNPPI0131,CCNPOT0055,https://mowgarden.com/wp-content/uploads/2022/11/chau-som-su-hoa-tiet-nhiet-doi-1.jpg
CCNPPI0132,CCNPOT0055,https://mowgarden.com/wp-content/uploads/2022/11/chau-som-su-hoa-tiet-nhiet-doi-2.jpg
CCNPPI0133,CCNPOT0055,https://mowgarden.com/wp-content/uploads/2022/11/chau-gom-su-hoa-tiet-nhiet-doi-3.jpg
CCNPPI0134,CCNPOT0055,https://mowgarden.com/wp-content/uploads/2022/11/chau-gom-su-hoa-tiet-nhiet-doi-4.jpg
CCNPPI0135,CCNPOT0056,https://mowgarden.com/wp-content/uploads/2022/11/chau-gom-su-hinh-cau-vong-12a.jpg
CCNPPI0136,CCNPOT0056,https://mowgarden.com/wp-content/uploads/2022/11/chau-gom-su-hinh-cau-vong-13.jpg
CCNPPI0137,CCNPOT0056,https://mowgarden.com/wp-content/uploads/2022/11/chau-gom-su-hinh-cau-vong-11a.jpg
CCNPPI0138,CCNPOT0056,https://mowgarden.com/wp-content/uploads/2022/11/chau-gom-su-de-ban-cao-cap.jpg
CCNPPI0139,CCNPOT0057,https://mowgarden.com/wp-content/uploads/2022/11/chau-gom-su-hoa-tiet-nang-tho-1.jpg
CCNPPI0140,CCNPOT0057,https://mowgarden.com/wp-content/uploads/2022/11/chau-gom-su-hoa-tiet-nang-tho-2.jpg
CCNPPI0141,CCNPOT0058,https://mowgarden.com/wp-content/uploads/2022/11/chau-dat-nung-go-son-vang-dong.jpg
CCNPPI0142,CCNPOT0058,https://mowgarden.com/wp-content/uploads/2022/11/chau-dat-nung-go-son-vang-dong-2.jpg
CCNPPI0143,CCNPOT0058,https://mowgarden.com/wp-content/uploads/2022/11/chau-dat-nung-go-son-vang-1.jpg
CCNPPI0144,CCNPOT0059,https://mowgarden.com/wp-content/uploads/2022/11/chau-dat-nung-wax-hoa-van-1.jpg
CCNPPI0145,CCNPOT0059,https://mowgarden.com/wp-content/uploads/2022/11/chau-dat-nung-wax-hoa-van-4.jpg
CCNPPI0146,CCNPOT0059,https://mowgarden.com/wp-content/uploads/2022/11/chau-dat-nung-wax-hoa-van-2.jpg
CCNPPI0147,CCNPOT0059,https://mowgarden.com/wp-content/uploads/2022/11/cay-bang-singapore-chau-dat-nung-hoa-van-1.jpg
CCNPPI0148,CCNPOT0059,https://mowgarden.com/wp-content/uploads/2022/11/chau-dat-nung-wax-hoa-van-3.jpg
CCNPPI0149,CCNPOT0060,https://mowgarden.com/wp-content/uploads/2022/11/chau-dat-nung-van-nghe-thuat-2.jpg
CCNPPI0150,CCNPOT0060,https://mowgarden.com/wp-content/uploads/2022/11/chau-dat-nung-van-nghe-thuat-3.jpg
CCNPPI0151,CCNPOT0060,https://mowgarden.com/wp-content/uploads/2022/11/chau-dat-nung-van-nghe-thuat-1.jpg
CCNPPI0152,CCNPOT0060,https://mowgarden.com/wp-content/uploads/2022/11/cay-trau-ba-de-vuong-chau-dat-nung.jpg
CCNPPI0153,CCNPOT0061,https://mowgarden.com/wp-content/uploads/2022/11/chau-dat-nung-van-gia-da-co-dia-3.jpg
CCNPPI0154,CCNPOT0062,https://mowgarden.com/wp-content/uploads/2022/11/chau-dat-nung-van-gia-da-co-dia-1.jpg
CCNPPI0155,CCNPOT0062,https://mowgarden.com/wp-content/uploads/2022/11/chau-dat-nung-van-gia-da-co-dia-2.jpg
CCNPPI0156,CCNPOT0063,https://mowgarden.com/wp-content/uploads/2022/11/chau-dat-nung-van-gia-da-2a.jpg
CCNPPI0157,CCNPOT0063,https://mowgarden.com/wp-content/uploads/2022/11/chau-dat-nung-van-gia-da-3a.jpg
CCNPPI0158,CCNPOT0063,https://mowgarden.com/wp-content/uploads/2022/11/chau-dat-nung-van-gia-da-4.jpg
CCNPPI0159,CCNPOT0063,https://mowgarden.com/wp-content/uploads/2022/11/chau-dat-nung-van-gia-da-1.jpg
CCNPPI0160,CCNPOT0064,https://mowgarden.com/wp-content/uploads/2022/11/chau-dat-nung-son-den-nham.jpg
CCNPPI0161,CCNPOT0065,https://mowgarden.com/wp-content/uploads/2022/09/chau-dat-nung-de-ban-son-den-1.jpg
CCNPPI0162,CCNPOT0065,https://mowgarden.com/wp-content/uploads/2022/09/chau-dat-nung-de-ban-son-den-2.jpg
CCNPPI0163,CCNPOT0065,https://mowgarden.com/wp-content/uploads/2022/09/chau-men-su-trang-hinh-trung.jpg
CCNPPI0164,CCNPOT0066,https://mowgarden.com/wp-content/uploads/2022/11/chau-dat-nung-son-den-1.jpg
CCNPPI0165,CCNPOT0066,https://mowgarden.com/wp-content/uploads/2022/11/chau-dat-nung-son-den-2.jpg
CCNPPI0166,CCNPOT0066,https://mowgarden.com/wp-content/uploads/2022/11/chau-dat-nung-son-mau-trang-1.jpg
CCNPPI0167,CCNPOT0067,https://mowgarden.com/wp-content/uploads/2022/09/chau-dat-nung-de-ban-son-bong.jpg
CCNPPI0168,CCNPOT0067,https://mowgarden.com/wp-content/uploads/2022/09/chau-dat-nung-de-ban-son-bong-1.jpg
CCNPPI0169,CCNPOT0067,https://mowgarden.com/wp-content/uploads/2022/11/chau-dat-nung-son-xanh-la.jpg
CCNPPI0170,CCNPOT0068,https://mowgarden.com/wp-content/uploads/2022/11/chau-dat-nung-de-ban-mau-trang-3.jpg
CCNPPI0171,CCNPOT0068,https://mowgarden.com/wp-content/uploads/2022/11/chau-dat-nung-de-ban-mau-trang-2.jpg
CCNPPI0172,CCNPOT0069,https://mowgarden.com/wp-content/uploads/2022/11/chau-dat-nung-van-hoa-2.jpg
CCNPPI0173,CCNPOT0069,https://mowgarden.com/wp-content/uploads/2022/11/chau-dat-nung-van-hoa-4.jpg
CCNPPI0174,CCNPOT0069,https://mowgarden.com/wp-content/uploads/2022/11/chau-dat-nung-van-hoa-3.jpg
CCNPPI0175,CCNPOT0069,https://mowgarden.com/wp-content/uploads/2022/11/chau-dat-nung-van-hoa-1.jpg
CCNPPI0176,CCNPOT0069,https://mowgarden.com/wp-content/uploads/2022/11/chau-dat-nung-van-hoa-5.jpg
CCNPPI0177,CCNPOT0070,https://mowgarden.com/wp-content/uploads/2022/11/chau-den-de-ban-co-dia-1.jpg
CCNPPI0178,CCNPOT0070,https://mowgarden.com/wp-content/uploads/2022/11/chau-den-de-ban-co-dia-2.jpg
CCNPPI0179,CCNPOT0071,https://mowgarden.com/wp-content/uploads/2022/11/chau-dat-nung-marble-2.jpg
CCNPPI0180,CCNPOT0071,https://mowgarden.com/wp-content/uploads/2022/11/chau-dat-nung-van-marble-2-1.jpg
CCNPPI0181,CCNPOT0072,https://mowgarden.com/wp-content/uploads/2022/11/chau-gom-su-men-nham-gia-da-1.jpg
CCNPPI0182,CCNPOT0072,https://mowgarden.com/wp-content/uploads/2022/11/chau-gom-su-men-nham-gia-da-3.jpg
CCNPPI0183,CCNPOT0072,https://mowgarden.com/wp-content/uploads/2022/11/chau-gom-su-men-nham-gia-da-2.jpg
CCNPPI0184,CCNPOT0073,https://mowgarden.com/wp-content/uploads/2022/11/chau-dat-nung-son-trang.jpg
CCNPPI0185,CCNPOT0073,https://mowgarden.com/wp-content/uploads/2022/11/cay-phu-quy-chau-dat-nung-trang.jpg
CCNPPI0186,CCNPOT0074,https://mowgarden.com/wp-content/uploads/2022/11/chau-dat-nung-son-mau-xanh-1.jpg
CCNPPI0187,CCNPOT0074,https://mowgarden.com/wp-content/uploads/2022/11/cay-phat-du-bay-sac-cau-vong-chau-dat-nung-1.jpg
CCNPPI0188,CCNPOT0074,https://mowgarden.com/wp-content/uploads/2022/11/chau-dat-nung-son-mau-xanh-2.jpg
CCNPPI0189,CCNPOT0074,https://mowgarden.com/wp-content/uploads/2022/11/cay-bao-thanh-thien-chau-dat-nung.jpg
CCNPPI0190,CCNPOT0075,https://mowgarden.com/wp-content/uploads/2022/11/chau-dat-nung-gan-noi-son-trang.jpg
CCNPPI0191,CCNPOT0075,https://mowgarden.com/wp-content/uploads/2022/11/chau-dat-nung-gan-noi-son-trang-2.jpg
CCNPPI0192,CCNPOT0076,https://mowgarden.com/wp-content/uploads/2022/11/chau-gom-su-van-gia-da-1.jpg
CCNPPI0193,CCNPOT0076,https://mowgarden.com/wp-content/uploads/2022/11/chau-gom-su-van-gia-da-5.jpg
CCNPPI0194,CCNPOT0076,https://mowgarden.com/wp-content/uploads/2022/11/chau-gom-su-van-gia-da-2.jpg
CCNPPI0195,CCNPOT0076,https://mowgarden.com/wp-content/uploads/2022/11/chau-gom-su-van-gia-da-3.jpg
CCNPPI0196,CCNPOT0076,https://mowgarden.com/wp-content/uploads/2022/11/chau-gom-su-van-gia-da-6.jpg
CCNPPI0197,CCNPOT0076,https://mowgarden.com/wp-content/uploads/2022/11/chau-gom-su-van-gia-da-4.jpg
CCNPPI0198,CCNPOT0077,https://mowgarden.com/wp-content/uploads/2022/11/chau-gom-su-tru-tron-nho.jpg
CCNPPI0199,CCNPOT0077,https://mowgarden.com/wp-content/uploads/2022/11/chau-gom-su-tru-tron-lon-3.jpg
CCNPPI0200,CCNPOT0077,https://mowgarden.com/wp-content/uploads/2022/11/chau-gom-su-tru-tron-lon-2.jpg
CCNPPI0201,CCNPOT0077,https://mowgarden.com/wp-content/uploads/2022/11/chau-gom-su-tru-tron-nho-2.jpg
CCNPPI0202,CCNPOT0077,https://mowgarden.com/wp-content/uploads/2022/11/chau-gom-su-tru-tron-nho.jpg
CCNPPI0203,CCNPOT0078,https://mowgarden.com/wp-content/uploads/2022/11/chau-gom-su-mat-nguoi-18x16-1.jpg
CCNPPI0204,CCNPOT0078,https://mowgarden.com/wp-content/uploads/2022/11/chau-gom-su-mat-nguoi-18x16-4.jpg
CCNPPI0205,CCNPOT0078,https://mowgarden.com/wp-content/uploads/2022/11/chau-gom-su-mat-nguoi-18x16-2.jpg
CCNPPI0206,CCNPOT0078,https://mowgarden.com/wp-content/uploads/2022/11/chau-gom-su-mat-nguoi-18x16-3.jpg
CCNPPI0207,CCNPOT0078,https://mowgarden.com/wp-content/uploads/2022/11/chau-gom-su-mat-nguoi-18x16-5.jpg
CCNPPI0208,CCNPOT0079,https://mowgarden.com/wp-content/uploads/2022/11/chau-dat-nung-de-ban-van-quan-roi-1.jpg
CCNPPI0209,CCNPOT0079,https://mowgarden.com/wp-content/uploads/2022/11/chau-dat-nung-de-ban-van-quan-roi-2.jpg
CCNPPI0210,CCNPOT0080,https://mowgarden.com/wp-content/uploads/2022/11/chau-dat-nung-de-ban-son-gia-da-1.jpg
CCNPPI0211,CCNPOT0080,https://mowgarden.com/wp-content/uploads/2022/11/chau-dat-nung-de-ban-son-gia-da-3.jpg
CCNPPI0212,CCNPOT0080,https://mowgarden.com/wp-content/uploads/2022/11/chau-dat-nung-de-ban-son-gia-da-2.jpg
CCNPPI0213,CCNPOT0081,https://mowgarden.com/wp-content/uploads/2022/11/chau-dat-nung-nho-de-ban-soc-ngang-1.jpg
CCNPPI0214,CCNPOT0081,https://mowgarden.com/wp-content/uploads/2022/11/chau-dat-nung-nho-de-ban-soc-ngang-3.jpg
CCNPPI0215,CCNPOT0081,https://mowgarden.com/wp-content/uploads/2022/11/chau-dat-nung-nho-de-ban-soc-ngang-2.jpg
CCNPPI0216,CCNPOT0082,https://mowgarden.com/wp-content/uploads/2022/11/chau-su-hinh-tru-bom-1.jpg
CCNPPI0217,CCNPOT0082,https://mowgarden.com/wp-content/uploads/2022/11/chau-su-hinh-tru-bom2.jpg
CCNPPI0218,CCNPOT0083,https://mowgarden.com/wp-content/uploads/2022/11/chau-gom-su-ly-nho-in-hinh-cute-1.jpg
CCNPPI0219,CCNPOT0083,https://mowgarden.com/wp-content/uploads/2022/11/chau-gom-su-ly-nho-in-hinh-cute-3.jpg
CCNPPI0220,CCNPOT0083,https://mowgarden.com/wp-content/uploads/2022/11/chau-gom-su-ly-nho-in-hinh-cute-5.jpg
CCNPPI0221,CCNPOT0083,https://mowgarden.com/wp-content/uploads/2022/11/chau-gom-su-ly-nho-in-hinh-cute-4a.jpg
CCNPPI0222,CCNPOT0084,https://mowgarden.com/wp-content/uploads/2022/11/chau-dat-nung-hinh-bong-hoa.jpg
CCNPPI0223,CCNPOT0085,https://mowgarden.com/wp-content/uploads/2022/10/chau-gom-su-hinh-co-gai-cute.jpg
CCNPPI0224,CCNPOT0086,https://mowgarden.com/wp-content/uploads/2022/10/chau-gom-su-hinh-cau-vong-1.jpg
CCNPPI0225,CCNPOT0087,https://mowgarden.com/wp-content/uploads/2022/10/chau-gom-su-cau-noi-y-nghia-tieng-anh-2.jpg
CCNPPI0226,CCNPOT0087,https://mowgarden.com/wp-content/uploads/2022/10/chau-gom-su-cau-noi-y-nghia-tieng-anh-3.jpg
CCNPPI0227,CCNPOT0087,https://mowgarden.com/wp-content/uploads/2022/10/chau-gom-su-cau-noi-y-nghia-tieng-anh-1.jpg
CCNPPI0228,CCNPOT0087,https://mowgarden.com/wp-content/uploads/2022/10/chau-gom-su-cau-noi-y-nghia-tieng-anh-5.jpg
CCNPPI0229,CCNPOT0087,https://mowgarden.com/wp-content/uploads/2022/10/chau-gom-su-cau-noi-y-nghia-tieng-anh-4.jpg
CCNPPI0230,CCNPOT0088,https://mowgarden.com/wp-content/uploads/2022/10/chau-gom-su-cau-noi-y-nghia.jpg
CCNPPI0231,CCNPOT0089,https://mowgarden.com/wp-content/uploads/2022/10/chau-gom-su-meo-chieu-tai.jpg
CCNPPI0232,CCNPOT0090,https://mowgarden.com/wp-content/uploads/2022/10/chau-gom-su-hinh-totoro-1.jpg
CCNPPI0233,CCNPOT0091,https://mowgarden.com/wp-content/uploads/2022/10/chau-gom-su-hinh-thu-cung-3.jpg
CCNPPI0234,CCNPOT0091,https://mowgarden.com/wp-content/uploads/2022/10/chau-gom-su-hinh-thu-cung-2.jpg
CCNPPI0235,CCNPOT0091,https://mowgarden.com/wp-content/uploads/2022/10/chau-gom-su-hinh-thu-cung-1.jpg
CCNPPI0236,CCNPOT0091,https://mowgarden.com/wp-content/uploads/2022/10/chau-gom-su-hinh-thu-cung-4.jpg
CCNPPI0237,CCNPOT0091,https://mowgarden.com/wp-content/uploads/2022/10/chau-gom-su-hinh-thu-cung-5.jpg
CCNPPI0238,CCNPOT0092,https://mowgarden.com/wp-content/uploads/2022/10/chau-gom-su-de-ban-EVERY-DAY-1.jpg
CCNPPI0239,CCNPOT0092,https://mowgarden.com/wp-content/uploads/2022/10/chau-gom-su-de-ban-EVERY-DAY-3.jpg
CCNPPI0240,CCNPOT0092,https://mowgarden.com/wp-content/uploads/2022/10/chau-gom-su-de-ban-EVERY-DAY-2.jpg
CCNPPI0241,CCNPOT0093,https://mowgarden.com/wp-content/uploads/2022/10/chau-gom-su-in-hinh-meo.jpg
CCNPPI0242,CCNPOT0094,https://mowgarden.com/wp-content/uploads/2022/10/chau-gom-su-de-ban-in-hinh-la-1.jpg
CCNPPI0243,CCNPOT0094,https://mowgarden.com/wp-content/uploads/2022/10/chau-gom-su-de-ban-in-hinh-la-4.jpg
CCNPPI0244,CCNPOT0094,https://mowgarden.com/wp-content/uploads/2022/10/chau-gom-su-de-ban-in-hinh-la-2.jpg
CCNPPI0245,CCNPOT0094,https://mowgarden.com/wp-content/uploads/2022/10/chau-gom-su-de-ban-in-hinh-la-3.jpg
CCNPPI0246,CCNPOT0095,https://mowgarden.com/wp-content/uploads/2022/10/chau-dat-nung-son-ngoi-nha.jpg
CCNPPI0247,CCNPOT0096,https://mowgarden.com/wp-content/uploads/2022/10/chau-dat-nung-hinh-chiec-la.jpg
CCNPPI0248,CCNPOT0097,https://mowgarden.com/wp-content/uploads/2022/10/chau-dat-nung-vat-day-co-go.jpg
CCNPPI0249,CCNPOT0097,https://mowgarden.com/wp-content/uploads/2022/10/chau-dat-nung-vat-day-20x20-1-1.jpg
CCNPPI0250,CCNPOT0097,https://mowgarden.com/wp-content/uploads/2022/10/chau-dat-nung-vat-day-20x20-1.jpg
CCNPPI0251,CCNPOT0098,https://mowgarden.com/wp-content/uploads/2022/10/chau-dat-nung-vat-day-son-mau.jpg
CCNPPI0252,CCNPOT0099,https://mowgarden.com/wp-content/uploads/2022/10/chau-dat-nung-son-mau.jpg
CCNPPI0253,CCNPOT0100,https://mowgarden.com/wp-content/uploads/2022/10/chau-gom-su-trang-goc-doc-3.jpg
CCNPPI0254,CCNPOT0100,https://mowgarden.com/wp-content/uploads/2022/10/chau-gom-su-trang-goc-doc-2.jpg
CCNPPI0255,CCNPOT0100,https://mowgarden.com/wp-content/uploads/2022/10/chau-gom-su-trang-goc-doc-1.jpg
CCNPPI0256,CCNPOT0101,https://mowgarden.com/wp-content/uploads/2022/10/chau-dat-nung-son-den-vien-dong-1.jpg
CCNPPI0257,CCNPOT0101,https://mowgarden.com/wp-content/uploads/2022/10/chau-dat-nung-son-trang-vien-dong-1.jpg
CCNPPI0258,CCNPOT0102,https://mowgarden.com/wp-content/uploads/2022/10/chau-dat-nung-gan-soc.jpg
CCNPPI0259,CCNPOT0103,https://mowgarden.com/wp-content/uploads/2022/10/chau-dat-nung-de-ban-1.jpg
CCNPPI0260,CCNPOT0103,https://mowgarden.com/wp-content/uploads/2022/10/cay-duong-xi-to-qua-en-de-ban.jpg
CCNPPI0261,CCNPOT0103,https://mowgarden.com/wp-content/uploads/2022/10/chau-dat-nung-de-ban-3.jpg
CCNPPI0262,CCNPOT0103,https://mowgarden.com/wp-content/uploads/2022/10/chau-dat-nung-de-ban-2.jpg
CCNPPI0263,CCNPOT0104,https://mowgarden.com/wp-content/uploads/2022/10/chau-dat-nung-son-xam-bong.jpg
CCNPPI0264,CCNPOT0105,https://mowgarden.com/wp-content/uploads/2022/10/chau-dat-nung-trung-son-gia-da.jpg
CCNPPI0265,CCNPOT0106,https://mowgarden.com/wp-content/uploads/2022/10/chau-dat-nung-vat-day-van-song-mau-xam-wax.jpg
CCNPPI0266,CCNPOT0107,https://mowgarden.com/wp-content/uploads/2022/10/chau-dat-nung-vat-day-hoa-tiet.jpg
CCNPPI0267,CCNPOT0107,https://mowgarden.com/wp-content/uploads/2022/10/chau-dat-nung-de-ban-van-tho-cam2.jpg
CCNPPI0268,CCNPOT0108,https://mowgarden.com/wp-content/uploads/2022/10/chau-dat-nung-son-mau-xam.jpg
CCNPPI0269,CCNPOT0109,https://mowgarden.com/wp-content/uploads/2022/10/chau-dat-nung-vat-day-trang-men.jpg
CCNPPI0270,CCNPOT0110,https://mowgarden.com/wp-content/uploads/2022/10/chau-dat-nung-wax-men.jpg
CCNPPI0271,CCNPOT0111,https://mowgarden.com/wp-content/uploads/2022/09/chau-tru-tron-gom-su-mau-den.jpg
CCNPPI0272,CCNPOT0112,https://mowgarden.com/wp-content/uploads/2022/09/chau-trung-men-su-trang.jpg
CCNPPI0273,CCNPOT0113,https://mowgarden.com/wp-content/uploads/2022/09/chau-gom-su-tron-bau-mau-trang.jpg
CCNPPI0274,CCNPOT0114,https://mowgarden.com/wp-content/uploads/2022/09/chau-gom-su-to-ong-mau-trang.jpg
CCNPPI0275,CCNPOT0115,https://mowgarden.com/wp-content/uploads/2022/09/chau-gom-su-de-ban-da-giac.jpg
CCNPPI0276,CCNPOT0116,https://mowgarden.com/wp-content/uploads/2022/09/chau-gom-su-de-ban-gan-soc-doc-1.jpg
CCNPPI0277,CCNPOT0117,https://mowgarden.com/wp-content/uploads/2022/09/chau-gom-su-de-ban-soc-gon-song-a.jpg
CCNPPI0278,CCNPOT0118,https://mowgarden.com/wp-content/uploads/2022/09/chau-gom-su-de-ban-gan-cong.jpg
CCNPPI0279,CCNPOT0119,https://mowgarden.com/wp-content/uploads/2022/09/chau-gom-su-de-ban-gan-doc-1.jpg
CCNPPI0280,CCNPOT0119,https://mowgarden.com/wp-content/uploads/2022/09/chau-gom-su-de-ban-gan-doc-3.jpg
CCNPPI0281,CCNPOT0119,https://mowgarden.com/wp-content/uploads/2022/09/chau-gom-su-de-ban-gan-doc-2.jpg
CCNPPI0282,CCNPOT0120,https://mowgarden.com/wp-content/uploads/2022/09/chau-gom-su-soc-ke-ngang.jpg
CCNPPI0283,CCNPOT0121,https://mowgarden.com/wp-content/uploads/2022/09/chau-dat-nung-van-hoa-1.jpg
CCNPPI0284,CCNPOT0121,https://mowgarden.com/wp-content/uploads/2022/09/chau-dat-nung-van-hoa-3.jpg
CCNPPI0285,CCNPOT0121,https://mowgarden.com/wp-content/uploads/2022/09/chau-dat-nung-van-hoa-2.jpg
CCNPPI0286,CCNPOT0122,https://mowgarden.com/wp-content/uploads/2022/08/chau-dat-nung-khuyet-day-tho-cam.jpg
CCNPPI0287,CCNPOT0122,https://mowgarden.com/wp-content/uploads/2022/08/chau-dat-nung-hoa-tiet-tho-cam-1.jpg
CCNPPI0288,CCNPOT0122,https://mowgarden.com/wp-content/uploads/2022/08/chau-dat-nung-tru-tron-khuyet-day-tho-cam.jpg
CCNPPI0289,CCNPOT0123,https://mowgarden.com/wp-content/uploads/2022/08/chau-dat-nung-tru-tron-khuyet-day-soc-ke.jpg
CCNPPI0290,CCNPOT0124,https://mowgarden.com/wp-content/uploads/2022/08/chau-dat-nung-tru-tron-co-khuyet-day-wax-soc-25x20-1.jpg
CCNPPI0291,CCNPOT0124,https://mowgarden.com/wp-content/uploads/2022/08/chau-dat-nung-tru-tron-co-khuyet-day-wax-soc-18x15-1.jpg
CCNPPI0292,CCNPOT0125,https://mowgarden.com/wp-content/uploads/2022/08/chau-dat-nung-ke-xien-wax-mau.jpg
CCNPPI0293,CCNPOT0126,https://mowgarden.com/wp-content/uploads/2022/08/chau-dat-nung-soc-ket-xien.jpg
CCNPPI0294,CCNPOT0127,https://mowgarden.com/wp-content/uploads/2022/08/chau-dat-nung-van-soc-giot-nuoc.jpg
CCNPPI0295,CCNPOT0128,https://mowgarden.com/wp-content/uploads/2022/08/chau-dat-nung-tru-tron-co-day-hoa-tiet-hoa-cuc.jpg
CCNPPI0296,CCNPOT0129,https://mowgarden.com/wp-content/uploads/2022/08/chau-dat-nung-tru-tron-van-hoa-hong.jpg
CCNPPI0297,CCNPOT0130,https://mowgarden.com/wp-content/uploads/2022/08/chau-dat-nung-vat-day-tho-cam.jpg
CCNPPI0298,CCNPOT0131,https://mowgarden.com/wp-content/uploads/2022/08/chau-dat-nung-van-hoa-cuc-1.jpg
CCNPPI0299,CCNPOT0131,https://mowgarden.com/wp-content/uploads/2022/08/chau-dat-nung-vat-trung-hoa-tiet-hoa-cuc.jpg
CCNPPI0300,CCNPOT0131,https://mowgarden.com/wp-content/uploads/2022/08/chau-dat-nung-vat-trung-hoa-cuc-1.jpg
CCNPPI0301,CCNPOT0131,https://mowgarden.com/wp-content/uploads/2022/08/ccay-trau-ba-la-lo-chau-dat-nung.jpg
CCNPPI0302,CCNPOT0132,https://mowgarden.com/wp-content/uploads/2022/08/chau-dat-nung-hoa-tiet-tho-cam.jpg
CCNPPI0303,CCNPOT0133,https://mowgarden.com/wp-content/uploads/2022/08/chau-dat-nung-trung-tron.jpg
CCNPPI0304,CCNPOT0134,https://mowgarden.com/wp-content/uploads/2022/08/chau-dat-nung-bau-tron-hinh-hoa.jpg
CCNPPI0305,CCNPOT0135,https://mowgarden.com/wp-content/uploads/2022/08/chau-dat-nung-trung-van-soc-cheo.jpg
CCNPPI0306,CCNPOT0136,https://mowgarden.com/wp-content/uploads/2022/08/chau-dat-nung-vat-trung-van-song-1.jpg
CCNPPI0307,CCNPOT0137,https://mowgarden.com/wp-content/uploads/2022/08/chau-dat-nung-vat-day-van-luoi.jpg
CCNPPI0308,CCNPOT0138,https://mowgarden.com/wp-content/uploads/2022/08/chau-dat-nung-vat-day-van-tuong-gach.jpg
CCNPPI0309,CCNPOT0139,https://mowgarden.com/wp-content/uploads/2022/08/chua-dat-nung-vat-trung-van-soc-ke-ngang.jpg
CCNPPI0310,CCNPOT0140,https://mowgarden.com/wp-content/uploads/2022/08/chau-dat-nung-vat-day-hoa-tiet-tho-cam.jpg
CCNPPI0311,CCNPOT0141,https://mowgarden.com/wp-content/uploads/2022/08/chau-dat-nung-vat-day-van-quan-roi.jpg
CCNPPI0312,CCNPOT0142,https://mowgarden.com/wp-content/uploads/2022/08/chau-dat-nung-vat-trung-van-hoa-hong.jpg
CCNPPI0313,CCNPOT0143,https://mowgarden.com/wp-content/uploads/2022/08/chau-dat-nung-trung-van-hoa.jpg
CCNPPI0314,CCNPOT0144,https://mowgarden.com/wp-content/uploads/2022/08/chau-dat-nung-bau-tron-thap-van-cham.jpg
CCNPPI0315,CCNPOT0145,https://mowgarden.com/wp-content/uploads/2022/08/chau-dat-nung-van-roi.jpg
CCNPPI0316,CCNPOT0146,https://mowgarden.com/wp-content/uploads/2022/08/chau-dat-nung-hinh-tru-tron-1.jpg
CCNPPI0317,CCNPOT0146,https://mowgarden.com/wp-content/uploads/2022/08/chau-dat-nung-tron-2-1.jpg
CCNPPI0318,CCNPOT0147,https://mowgarden.com/wp-content/uploads/2022/08/chau-dat-nung-hinh-tru-dung-tron-.jpg
CCNPPI0319,CCNPOT0147,https://mowgarden.com/wp-content/uploads/2022/08/chau-dat-nung-tru-tron-tron-2.jpg
CCNPPI0320,CCNPOT0148,https://mowgarden.com/wp-content/uploads/2022/08/chau-dat-nung-bau-tron-thap-van-luoi-1.jpg
CCNPPI0321,CCNPOT0149,https://mowgarden.com/wp-content/uploads/2022/08/chau-dat-nung-hinh-tru-van-soc.jpg
CCNPPI0322,CCNPOT0150,https://mowgarden.com/wp-content/uploads/2022/08/chau-dat-nung-hinh-tru-van-chiec-la.jpg
CCNPPI0323,CCNPOT0151,https://mowgarden.com/wp-content/uploads/2022/08/chau-dat-nung-hinh-tru-van-tam-giac.jpg
CCNPPI0324,CCNPOT0152,https://mowgarden.com/wp-content/uploads/2022/08/chau-dat-nung-vot-day-mau-trang-sua.jpg
CCNPPI0325,CCNPOT0153,https://mowgarden.com/wp-content/uploads/2022/08/chau-dat-nung-mau-sua.jpg
CCNPPI0326,CCNPOT0153,https://mowgarden.com/wp-content/uploads/2022/08/chau-dat-nung-mau-sua-1.jpg
CCNPPI0327,CCNPOT0154,https://mowgarden.com/wp-content/uploads/2022/08/chau-dat-nung-kim-cuong-gan-xien.jpg
CCNPPI0328,CCNPOT0155,https://mowgarden.com/wp-content/uploads/2022/08/chau-dat-nung-hinh-tru-van-quan-roia.jpg
CCNPPI0329,CCNPOT0155,https://mowgarden.com/wp-content/uploads/2022/08/chau-dat-nung-hinh-tru-van-quan-roi-1a.jpg
CCNPPI0330,CCNPOT0156,https://mowgarden.com/wp-content/uploads/2022/08/chau-dat-nung-van-luc-giac.jpg
CCNPPI0331,CCNPOT0157,https://mowgarden.com/wp-content/uploads/2022/08/chau-dat-nung-hinh-tru-tron-mau-nau.jpg
CCNPPI0332,CCNPOT0158,https://mowgarden.com/wp-content/uploads/2022/08/chau-dat-nung-marble-2.jpg
CCNPPI0333,CCNPOT0159,https://mowgarden.com/wp-content/uploads/2022/08/chau-dat-nung-de-ban-van-marble-1.jpg
CCNPPI0334,CCNPOT0159,https://mowgarden.com/wp-content/uploads/2022/08/chau-dat-nung-de-ban-van-marble-2.jpg
CCNPPI0335,CCNPOT0159,https://mowgarden.com/wp-content/uploads/2022/08/cay-luoi-ho-de-ban-chau-dat-nung.jpg
CCNPPI0336,CCNPOT0160,https://mowgarden.com/wp-content/uploads/2022/08/chau-dat-nung-gan-soc.jpg
CCNPPI0337,CCNPOT0161,https://mowgarden.com/wp-content/uploads/2022/08/chau-dat-nung-hinh-to-ong.jpg
CCNPPI0338,CCNPOT0162,https://mowgarden.com/wp-content/uploads/2022/08/chau-dat-nung-van-gon-song.jpg
CCNPPI0339,CCNPOT0163,https://mowgarden.com/wp-content/uploads/2022/08/chau-dat-nung-van-cheo-caro.jpg
CCNPPI0340,CCNPOT0164,https://mowgarden.com/wp-content/uploads/2022/08/chau-dat-nung-van-soc-cheo.jpg
CCNPPI0341,CCNPOT0165,https://mowgarden.com/wp-content/uploads/2022/08/chau-dat-nung-van-kim-cuong.jpg
CCNPPI0342,CCNPOT0166,https://mowgarden.com/wp-content/uploads/2022/08/chau-dat-nung-van-da.jpg
CCNPPI0343,CCNPOT0167,https://mowgarden.com/wp-content/uploads/2022/08/chau-dat-nung-vat-trung-van-bac-xiu.jpg
CCNPPI0344,CCNPOT0168,https://mowgarden.com/wp-content/uploads/2022/08/chau-dat-nung-vat-trung-van-song.jpg
CCNPPI0345,CCNPOT0169,https://mowgarden.com/wp-content/uploads/2022/08/chau-dat-nung-tru-trung-van-gon-song.jpg
CCNPPI0346,CCNPOT0170,https://mowgarden.com/wp-content/uploads/2022/08/chau-dat-nung-bau-tron-thap-van-to-ong.jpg
CCNPPI0347,CCNPOT0171,https://mowgarden.com/wp-content/uploads/2022/08/chau-dat-nung-1.jpg
CCNPPI0348,CCNPOT0172,https://mowgarden.com/wp-content/uploads/2022/08/chau-dat-nung-trung-vat-van-ke.jpg
CCNPPI0349,CCNPOT0173,https://mowgarden.com/wp-content/uploads/2022/08/chau-dat-nung-tron-soc-ngang.jpg
CCNPPI0350,CCNPOT0174,https://mowgarden.com/wp-content/uploads/2022/08/chau-dat-nung-trung-ke.jpg
CCNPPI0351,CCNPOT0175,https://mowgarden.com/wp-content/uploads/2022/08/chau-dat-nung-bau-tron-soc-ke-ngang.jpg
CCNPPI0352,CCNPOT0176,https://mowgarden.com/wp-content/uploads/2022/08/chau-dat-nung-bau-tron-thap-van-hoa.jpg
CCNPPI0353,CCNPOT0177,https://mowgarden.com/wp-content/uploads/2022/08/chau-dat-nung-soc-ke-cheo.jpg
CCNPPI0354,CCNPOT0178,https://mowgarden.com/wp-content/uploads/2022/08/chau-dat-nung-tru-tron-cham-bi.jpg
CCNPPI0355,CCNPOT0179,https://mowgarden.com/wp-content/uploads/2022/08/chau-dat-nung-bau-tron-thap-1.jpg
CCNPPI0356,CCNPOT0180,https://mowgarden.com/wp-content/uploads/2022/08/chau-dat-nung-soc-ke-doc.jpg
CCNPPI0357,CCNPOT0181,https://mowgarden.com/wp-content/uploads/2022/08/chau-dat-nung-tru-tron-soc-ke.jpg
CCNPPI0358,CCNPOT0182,https://mowgarden.com/wp-content/uploads/2022/08/chau-dat-nung-tru-tron-soc-cheo.jpg
CCNPPI0359,CCNPOT0183,https://mowgarden.com/wp-content/uploads/2022/08/chau-dat-nung-soc-ke-chi-ngang-1.jpg
CCNPPI0360,CCNPOT0183,https://mowgarden.com/wp-content/uploads/2022/08/chau-dat-nung-hinh-trung.jpg
CCNPPI0361,CCNPOT0183,https://mowgarden.com/wp-content/uploads/2022/08/chau-dat-nung-soc-ke-chi-ngang-2.jpg
CCNPPI0362,CCNPOT0184,https://mowgarden.com/wp-content/uploads/2022/08/chau-dat-nung-tron-bau-lon.jpg
CCNPPI0363,CCNPOT0185,https://mowgarden.com/wp-content/uploads/2022/08/chau-dat-nung-tron-2.jpg
CCNPPI0364,CCNPOT0185,https://mowgarden.com/wp-content/uploads/2022/08/chau-dat-nung-tron-1.jpg
CCNPPI0365,CCNPOT0186,https://mowgarden.com/wp-content/uploads/2022/08/chau-dat-nung-vat-trung-van-gioi-nuoc.jpg
CCNPPI0366,CCNPOT0187,https://mowgarden.com/wp-content/uploads/2022/08/chau-dat-nung-van-soc.jpg
CCNPPI0367,CCNPOT0188,https://mowgarden.com/wp-content/uploads/2022/08/chau-dat-nung-van-hoa-cuc.jpg
CCNPPI0368,CCNPOT0189,https://mowgarden.com/wp-content/uploads/2022/08/chau-dat-nung-hoa-tiet-giot-nuoc.jpg
CCNPPI0369,CCNPOT0190,https://mowgarden.com/wp-content/uploads/2022/08/chau-dat-nung-trung-vat-van-da-ran-1.jpg
CCNPPI0370,CCNPOT0191,https://mowgarden.com/wp-content/uploads/2022/08/chau-dat-nung-mieng-go-1.jpg
CCNPPI0371,CCNPOT0191,https://mowgarden.com/wp-content/uploads/2022/08/chau-dat-nung-mieng-go-12.jpg
CCNPPI0372,CCNPOT0191,https://mowgarden.com/wp-content/uploads/2022/08/kich-thuoc-chau-dat-nung.jpg
CCNPPI0373,CCNPOT0192,https://mowgarden.com/wp-content/uploads/2022/08/chau-dat-nung-khong-hoa-tiet-1.jpg
CCNPPI0374,CCNPOT0193,https://mowgarden.com/wp-content/uploads/2022/08/chau-dat-nung-hinh-tuong-gach-3.jpg
CCNPPI0375,CCNPOT0193,https://mowgarden.com/wp-content/uploads/2022/08/chau-dat-nung-hinh-tuong-gach-6.jpg
CCNPPI0376,CCNPOT0193,https://mowgarden.com/wp-content/uploads/2022/08/chau-dat-nung-hinh-tuong-gach-1.jpg
CCNPPI0377,CCNPOT0193,https://mowgarden.com/wp-content/uploads/2022/08/chau-dat-nung-hinh-tuong-gach-2.jpg
CCNPPI0378,CCNPOT0193,https://mowgarden.com/wp-content/uploads/2022/08/chau-dat-nung-hinh-tuong-gach-4.jpg
CCNPPI0379,CCNPOT0193,https://mowgarden.com/wp-content/uploads/2022/08/chau-dat-nung-hinh-tuong-gach-5.jpg
CCNPPI0380,CCNPOT0194,https://mowgarden.com/wp-content/uploads/2022/08/chau-dat-nung-bau-day-wax-son-ke-soc-xam-1.jpg
CCNPPI0381,CCNPOT0194,https://mowgarden.com/wp-content/uploads/2022/08/chau-dat-nung-bau-day-wax-son-ke-soc-xam-2.jpg
CCNPPI0382,CCNPOT0194,https://mowgarden.com/wp-content/uploads/2022/08/chau-dat-nung-bau-day-wax-son-ke-soc-xam-3.jpg
CCNPPI0383,CCNPOT0195,https://mowgarden.com/wp-content/uploads/2022/08/chau-dat-nung-hinh-trung-cham-tron-den-1.jpg
CCNPPI0384,CCNPOT0195,https://mowgarden.com/wp-content/uploads/2022/08/chau-dat-nung-hinh-trung-cham-tron-den-2.jpg
CCNPPI0385,CCNPOT0196,https://mowgarden.com/wp-content/uploads/2022/08/chau-dat-nung-vo-so-1.jpg
CCNPPI0386,CCNPOT0196,https://mowgarden.com/wp-content/uploads/2022/08/chau-dat-nung-vo-so-22.jpg
CCNPPI0387,CCNPOT0197,https://mowgarden.com/wp-content/uploads/2022/02/dia-lot-chau-monrovia-o-series-mau-den-1.jpg
CCNPPI0388,CCNPOT0197,https://mowgarden.com/wp-content/uploads/2022/02/dia-lot-chau-monrovia-o-series-mau-den-2.jpg
CCNPPI0389,CCNPOT0197,https://mowgarden.com/wp-content/uploads/2022/02/dia-lot-chau-monrovia-o-series-mau-den-4.jpg
CCNPPI0390,CCNPOT0197,https://mowgarden.com/wp-content/uploads/2022/02/dia-lot-chau-monrovia-o-series-mau-den-3.jpg
CCNPPI0391,CCNPOT0198,https://mowgarden.com/wp-content/uploads/2022/02/dia-lot-chau-monrovia-o-series-1.jpg
CCNPPI0392,CCNPOT0198,https://mowgarden.com/wp-content/uploads/2022/02/dia-lot-chau-monrovia-o-series-2.jpg
CCNPPI0393,CCNPOT0198,https://mowgarden.com/wp-content/uploads/2022/02/dia-lot-chau-monrovia-o-series-3.jpg
CCNPPI0394,CCNPOT0198,https://mowgarden.com/wp-content/uploads/2022/02/dia-lot-chau-monrovia-o-series-4.jpg
CCNPPI0395,CCNPOT0198,https://mowgarden.com/wp-content/uploads/2022/02/dia-lot-chau-monrovia-o-series-5.jpg
CCNPPI0396,CCNPOT0198,https://mowgarden.com/wp-content/uploads/2022/02/dia-lot-chau-monrovia-o-series-6.jpg
CCNPPI0397,CCNPOT0199,https://mowgarden.com/wp-content/uploads/2022/02/dia-lot-chau-monrovia-m-series-1.jpg
CCNPPI0398,CCNPOT0199,https://mowgarden.com/wp-content/uploads/2022/02/dia-lot-chau-monrovia-m-series-4.jpg
CCNPPI0399,CCNPOT0199,https://mowgarden.com/wp-content/uploads/2022/02/dia-lot-chau-monrovia-m-series-3.jpg
CCNPPI0400,CCNPOT0199,https://mowgarden.com/wp-content/uploads/2022/02/dia-lot-chau-monrovia-m-series-2.jpg
CCNPPI0401,CCNPOT0200,https://mowgarden.com/wp-content/uploads/2022/02/gio-treo-hoa-monrovia-L.jpg
CCNPPI0402,CCNPOT0200,https://mowgarden.com/wp-content/uploads/2022/02/gio-treo-hoa-monrovia-1.jpg
CCNPPI0403,CCNPOT0200,https://mowgarden.com/wp-content/uploads/2022/02/gio-treo-hoa-monrovia-2.jpg
CCNPPI0404,CCNPOT0200,https://mowgarden.com/wp-content/uploads/2022/02/gio-treo-hoa-monrovia-3.jpg
CCNPPI0405,CCNPOT0201,https://mowgarden.com/wp-content/uploads/2022/02/gio-treo-hoa-monrovia-M.jpg
CCNPPI0406,CCNPOT0201,https://mowgarden.com/wp-content/uploads/2022/02/gio-treo-hoa-monrovia-1.jpg
CCNPPI0407,CCNPOT0201,https://mowgarden.com/wp-content/uploads/2022/02/gio-treo-hoa-monrovia-2.jpg
CCNPPI0408,CCNPOT0201,https://mowgarden.com/wp-content/uploads/2022/02/gio-treo-hoa-monrovia-3.jpg
CCNPPI0409,CCNPOT0202,https://mowgarden.com/wp-content/uploads/2022/02/gio-treo-hoa-monrovia-S.jpg
CCNPPI0410,CCNPOT0202,https://mowgarden.com/wp-content/uploads/2022/02/gio-treo-hoa-monrovia-1.jpg
CCNPPI0411,CCNPOT0202,https://mowgarden.com/wp-content/uploads/2022/02/gio-treo-hoa-monrovia-2.jpg
CCNPPI0412,CCNPOT0202,https://mowgarden.com/wp-content/uploads/2022/02/gio-treo-hoa-monrovia-3.jpg
CCNPPI0413,CCNPOT0203,https://mowgarden.com/wp-content/uploads/2022/02/chau-nhua-trong-cay-monrovia-cao-cap-5-gallon-1.jpg
CCNPPI0414,CCNPOT0203,https://mowgarden.com/wp-content/uploads/2022/02/chau-nhua-trong-cay-monrovia-cao-cap-1-1.jpg
CCNPPI0415,CCNPOT0203,https://mowgarden.com/wp-content/uploads/2022/02/chau-nhua-trong-cay-monrovia-cao-cap-3-1.jpg
CCNPPI0416,CCNPOT0203,https://mowgarden.com/wp-content/uploads/2022/02/chau-nhua-trong-cay-monrovia-cao-cap-4-1.jpg
CCNPPI0417,CCNPOT0203,https://mowgarden.com/wp-content/uploads/2022/02/chau-nhua-trong-cay-monrovia-cao-cap-2-1.jpg
CCNPPI0418,CCNPOT0203,https://mowgarden.com/wp-content/uploads/2022/02/chau-nhua-monrovia.jpg
CCNPPI0419,CCNPOT0204,https://mowgarden.com/wp-content/uploads/2022/02/chau-nhua-trong-cay-monrovia-cao-cap-3-gallon-1.jpg
CCNPPI0420,CCNPOT0204,https://mowgarden.com/wp-content/uploads/2022/02/chau-nhua-trong-cay-monrovia-cao-cap-1-1.jpg
CCNPPI0421,CCNPOT0204,https://mowgarden.com/wp-content/uploads/2022/02/chau-nhua-trong-cay-monrovia-cao-cap-3-1.jpg
CCNPPI0422,CCNPOT0204,https://mowgarden.com/wp-content/uploads/2022/02/chau-nhua-trong-cay-monrovia-cao-cap-4-1.jpg
CCNPPI0423,CCNPOT0204,https://mowgarden.com/wp-content/uploads/2022/02/chau-nhua-trong-cay-monrovia-cao-cap-2-1.jpg
CCNPPI0424,CCNPOT0204,https://mowgarden.com/wp-content/uploads/2022/02/chau-nhua-monrovia.jpg
CCNPPI0425,CCNPOT0205,https://mowgarden.com/wp-content/uploads/2022/02/chau-nhua-trong-cay-monrovia-cao-cap-1-gallon-1.jpg
CCNPPI0426,CCNPOT0205,https://mowgarden.com/wp-content/uploads/2022/02/chau-nhua-trong-cay-monrovia-cao-cap-1-1.jpg
CCNPPI0427,CCNPOT0205,https://mowgarden.com/wp-content/uploads/2022/02/chau-nhua-trong-cay-monrovia-cao-cap-3-1.jpg
CCNPPI0428,CCNPOT0205,https://mowgarden.com/wp-content/uploads/2022/02/chau-nhua-trong-cay-monrovia-cao-cap-4-1.jpg
CCNPPI0429,CCNPOT0205,https://mowgarden.com/wp-content/uploads/2022/02/chau-nhua-trong-cay-monrovia-cao-cap-2-1.jpg
CCNPPI0430,CCNPOT0205,https://mowgarden.com/wp-content/uploads/2022/02/chau-nhua-monrovia.jpg
CCNPPI0431,CCNPOT0206,https://mowgarden.com/wp-content/uploads/2022/02/Chau-nhua-trong-cay-Monrovia-cao-cap-7-gallon.jpg
CCNPPI0432,CCNPOT0206,https://mowgarden.com/wp-content/uploads/2022/02/Chau-nhua-trong-cay-Monrovia-cao-cap-1.jpg
CCNPPI0433,CCNPOT0206,https://mowgarden.com/wp-content/uploads/2022/02/Chau-nhua-trong-cay-Monrovia-cao-cap-3.jpg
CCNPPI0434,CCNPOT0206,https://mowgarden.com/wp-content/uploads/2022/02/Chau-nhua-trong-cay-Monrovia-cao-cap-4.jpg
CCNPPI0435,CCNPOT0206,https://mowgarden.com/wp-content/uploads/2022/02/Chau-nhua-trong-cay-Monrovia-cao-cap-2.jpg
CCNPPI0436,CCNPOT0206,https://mowgarden.com/wp-content/uploads/2022/02/chau-nhua-monrovia.jpg
CCNPPI0437,CCNPOT0207,https://mowgarden.com/wp-content/uploads/2022/02/Chau-nhua-trong-cay-Monrovia-cao-cap-5-gallon.jpg
CCNPPI0438,CCNPOT0207,https://mowgarden.com/wp-content/uploads/2022/02/Chau-nhua-trong-cay-Monrovia-cao-cap-1.jpg
CCNPPI0439,CCNPOT0207,https://mowgarden.com/wp-content/uploads/2022/02/Chau-nhua-trong-cay-Monrovia-cao-cap-3.jpg
CCNPPI0440,CCNPOT0207,https://mowgarden.com/wp-content/uploads/2022/02/Chau-nhua-trong-cay-Monrovia-cao-cap-4.jpg
CCNPPI0441,CCNPOT0207,https://mowgarden.com/wp-content/uploads/2022/02/Chau-nhua-trong-cay-Monrovia-cao-cap-2.jpg
CCNPPI0442,CCNPOT0207,https://mowgarden.com/wp-content/uploads/2022/02/chau-nhua-monrovia.jpg
CCNPPI0443,CCNPOT0208,https://mowgarden.com/wp-content/uploads/2022/02/Chau-nhua-trong-cay-Monrovia-cao-cap-3-gallon.jpg
CCNPPI0444,CCNPOT0208,https://mowgarden.com/wp-content/uploads/2022/02/Chau-nhua-trong-cay-Monrovia-cao-cap-1.jpg
CCNPPI0445,CCNPOT0208,https://mowgarden.com/wp-content/uploads/2022/02/Chau-nhua-trong-cay-Monrovia-cao-cap-3.jpg
CCNPPI0446,CCNPOT0208,https://mowgarden.com/wp-content/uploads/2022/02/Chau-nhua-trong-cay-Monrovia-cao-cap-4.jpg
CCNPPI0447,CCNPOT0208,https://mowgarden.com/wp-content/uploads/2022/02/Chau-nhua-trong-cay-Monrovia-cao-cap-2.jpg
CCNPPI0448,CCNPOT0208,https://mowgarden.com/wp-content/uploads/2022/02/chau-nhua-monrovia.jpg
CCNPPI0449,CCNPOT0209,https://mowgarden.com/wp-content/uploads/2022/02/Chau-nhua-trong-cay-Monrovia-cao-cap-1-gallon.jpg
CCNPPI0450,CCNPOT0209,https://mowgarden.com/wp-content/uploads/2022/02/Chau-nhua-trong-cay-Monrovia-cao-cap-1.jpg
CCNPPI0451,CCNPOT0209,https://mowgarden.com/wp-content/uploads/2022/02/Chau-nhua-trong-cay-Monrovia-cao-cap-3.jpg
CCNPPI0452,CCNPOT0209,https://mowgarden.com/wp-content/uploads/2022/02/Chau-nhua-trong-cay-Monrovia-cao-cap-4.jpg
CCNPPI0453,CCNPOT0209,https://mowgarden.com/wp-content/uploads/2022/02/Chau-nhua-trong-cay-Monrovia-cao-cap-2.jpg
CCNPPI0454,CCNPOT0209,https://mowgarden.com/wp-content/uploads/2022/02/chau-nhua-monrovia.jpg
CCNPPI0455,CCNPOT0210,https://mowgarden.com/wp-content/uploads/2022/02/Chau-nhua-trong-cay-Monrovia-6-gallon.jpg
CCNPPI0456,CCNPOT0210,https://mowgarden.com/wp-content/uploads/2022/02/Chau-nhua-trong-cay-Monrovia-2-gallon-3.jpg
CCNPPI0457,CCNPOT0210,https://mowgarden.com/wp-content/uploads/2022/02/Chau-nhua-trong-cay-Monrovia-2-gallon-2.jpg
CCNPPI0458,CCNPOT0210,https://mowgarden.com/wp-content/uploads/2022/02/Chau-nhua-trong-cay-Monrovia-2-gallon-4.jpg
CCNPPI0459,CCNPOT0210,https://mowgarden.com/wp-content/uploads/2022/02/chau-nhua-monrovia.jpg
CCNPPI0460,CCNPOT0211,https://mowgarden.com/wp-content/uploads/2022/02/Chau-nhua-trong-cay-Monrovia-4-gallon.jpg
CCNPPI0461,CCNPOT0211,https://mowgarden.com/wp-content/uploads/2022/02/Chau-nhua-trong-cay-Monrovia-2-gallon-3.jpg
CCNPPI0462,CCNPOT0211,https://mowgarden.com/wp-content/uploads/2022/02/Chau-nhua-trong-cay-Monrovia-2-gallon-2.jpg
CCNPPI0463,CCNPOT0211,https://mowgarden.com/wp-content/uploads/2022/02/Chau-nhua-trong-cay-Monrovia-2-gallon-4.jpg
CCNPPI0464,CCNPOT0211,https://mowgarden.com/wp-content/uploads/2022/02/chau-nhua-monrovia.jpg
CCNPPI0465,CCNPOT0212,https://mowgarden.com/wp-content/uploads/2022/02/Chau-nhua-trong-cay-Monrovia-2-gallon.jpg
CCNPPI0466,CCNPOT0212,https://mowgarden.com/wp-content/uploads/2022/02/Chau-nhua-trong-cay-Monrovia-2-gallon-3.jpg
CCNPPI0467,CCNPOT0212,https://mowgarden.com/wp-content/uploads/2022/02/Chau-nhua-trong-cay-Monrovia-2-gallon-2.jpg
CCNPPI0468,CCNPOT0212,https://mowgarden.com/wp-content/uploads/2022/02/Chau-nhua-trong-cay-Monrovia-2-gallon-4.jpg
CCNPPI0469,CCNPOT0212,https://mowgarden.com/wp-content/uploads/2022/02/chau-nhua-monrovia.jpg
CCNPPI0470,CCNPOT0213,https://mowgarden.com/wp-content/uploads/2022/02/chau-xi-mang-da-mai-vuong-dung-vat-day-1.jpg
CCNPPI0471,CCNPOT0213,https://mowgarden.com/wp-content/uploads/2022/02/chau-xi-mang-da-mai-vuong-dung-vat-day-2.jpg
CCNPPI0472,CCNPOT0213,https://mowgarden.com/wp-content/uploads/2022/02/chau-xi-mang-da-mai-vuong-dung-vat-day-3.jpg
CCNPPI0473,CCNPOT0213,https://mowgarden.com/wp-content/uploads/2022/02/chau-xi-mang-da-mai-1.jpg
CCNPPI0474,CCNPOT0213,https://mowgarden.com/wp-content/uploads/2022/02/chau-xi-mang-da-mai-2.jpg
CCNPPI0475,CCNPOT0214,https://mowgarden.com/wp-content/uploads/2022/02/chau-xi-mang-da-mai-vuong-ong-1.jpg
CCNPPI0476,CCNPOT0214,https://mowgarden.com/wp-content/uploads/2022/02/chau-xi-mang-da-mai-vuong-ong-2.jpg
CCNPPI0477,CCNPOT0214,https://mowgarden.com/wp-content/uploads/2022/02/chau-xi-mang-da-mai-vuong-ong-10.jpg
CCNPPI0478,CCNPOT0214,https://mowgarden.com/wp-content/uploads/2022/02/chau-xi-mang-da-mai-vuong-ong-3.jpg
CCNPPI0479,CCNPOT0214,https://mowgarden.com/wp-content/uploads/2022/02/chau-xi-mang-da-mai-1.jpg
CCNPPI0480,CCNPOT0214,https://mowgarden.com/wp-content/uploads/2022/02/chau-xi-mang-da-mai-2.jpg
CCNPPI0481,CCNPOT0215,https://mowgarden.com/wp-content/uploads/2022/02/chau-xi-mang-da-mai-tron-ong-cao-2.jpg
CCNPPI0482,CCNPOT0215,https://mowgarden.com/wp-content/uploads/2022/02/chau-xi-mang-da-mai-tron-ong-cao-2.jpg
CCNPPI0483,CCNPOT0216,https://mowgarden.com/wp-content/uploads/2022/02/chau-xi-mang-da-mai-vuong-1.jpg
CCNPPI0484,CCNPOT0216,https://mowgarden.com/wp-content/uploads/2022/02/chau-xi-mang-da-mai-vuong-2.jpg
CCNPPI0485,CCNPOT0216,https://mowgarden.com/wp-content/uploads/2022/02/chau-xi-mang-da-mai-1.jpg
CCNPPI0486,CCNPOT0216,https://mowgarden.com/wp-content/uploads/2022/02/chau-xi-mang-da-mai-2.jpg
CCNPPI0487,CCNPOT0217,https://mowgarden.com/wp-content/uploads/2021/04/chau-xi-mang-da-mai-hinh-lu.jpg
CCNPPI0488,CCNPOT0217,https://mowgarden.com/wp-content/uploads/2021/04/chau-xi-mang-da-mai-hinh-lu-3.jpg
CCNPPI0489,CCNPOT0217,https://mowgarden.com/wp-content/uploads/2021/04/chau-xi-mang-da-mai-hinh-lu-2.jpg
CCNPPI0490,CCNPOT0218,https://mowgarden.com/wp-content/uploads/2021/04/chau-da-mai-8.jpg
CCNPPI0491,CCNPOT0219,https://mowgarden.com/wp-content/uploads/2021/04/chau-xi-mang-da-mai-hinh-chu-nhat-1.jpg
CCNPPI0492,CCNPOT0219,https://mowgarden.com/wp-content/uploads/2021/04/chau-xi-mang-da-mai-hinh-chu-nhat-2.jpg
CCNPPI0493,CCNPOT0219,https://mowgarden.com/wp-content/uploads/2021/04/chau-xi-mang-da-mai-hinh-chu-nhat-3.jpg
CCNPPI0494,CCNPOT0219,https://mowgarden.com/wp-content/uploads/2021/04/chau-xi-mang-da-mai-hinh-chu-nhat-4.jpg
CCNPPI0495,CCNPOT0220,https://mowgarden.com/wp-content/uploads/2021/04/chau-da-mai-tru-ong-tron-vot-day-1.jpg
CCNPPI0496,CCNPOT0220,https://mowgarden.com/wp-content/uploads/2021/04/chau-da-mai-tru-ong-tron-vot-day-2.jpg
CCNPPI0497,CCNPOT0221,https://mowgarden.com/wp-content/uploads/2021/04/chau-dat-nung-vat-trung-van-hoa-cuc.jpg
