POTID,ATTID,VALUE
CCNPOT0000,CCNATT0013,Bê tông sợi
CCNPOT0000,CCNATT0014,Remy (Trụ bo tròn)
CCNPOT0000,CCNATT0015,"• Tấm lưới thủy tinh (GRC)
• Lót chống thấm bảo vệ 2 mặt"
CCNPOT0000,CCNATT0016,38x55x20 / 45x60x25 (DxC) (cm)
CCNPOT0000,CCNATT0017,/  (kg)
CCNPOT0000,CCNATT0009,Màu trắng
CCNPOT0000,CCNATT0019,Granito / Tezzo
CCNPOT0001,CCNATT0013,Bê tông sợi
CCNPOT0001,CCNATT0014,Remy (Trụ bo tròn)
CCNPOT0001,CCNATT0015,"• Tấm lưới thủy tinh (GRC)
• Lót chống thấm bảo vệ 2 mặt"
CCNPOT0001,CCNATT0016,30×58 (cm)
CCNPOT0001,CCNATT0017,22  (kg)
CCNPOT0001,CCNATT0009,Màu trắng
CCNPOT0001,CCNATT0019,Granito / Tezzo
CCNPOT0002,CCNATT0013,Gốm sứ
CCNPOT0002,CCNATT0009,Màu trắng
CCNPOT0002,CCNATT0020,Trơn
CCNPOT0002,CCNATT0021,13×13 / 20×18 / 25×24 cm (DxC)
CCNPOT0003,CCNATT0013,Gốm sứ
CCNPOT0003,CCNATT0009,Màu trắng
CCNPOT0003,CCNATT0020,Trơn
CCNPOT0003,CCNATT0021,11×10 / 14×13 / 17x16cm (DxC)
CCNPOT0004,CCNATT0013,Gốm sứ
CCNPOT0004,CCNATT0009,Màu trắng
CCNPOT0004,CCNATT0020,Trơn
CCNPOT0004,CCNATT0021,10×9 / 14×13 / 17x16cm (DxC)
CCNPOT0005,CCNATT0013,Gốm sứ
CCNPOT0005,CCNATT0009,Màu trắng
CCNPOT0005,CCNATT0020,Trơn
CCNPOT0005,CCNATT0021,10×8.5 / 14×11.5 / 17×13.5cm (DxC)
CCNPOT0006,CCNATT0013,Gốm sứ
CCNPOT0006,CCNATT0009,Màu trắng
CCNPOT0006,CCNATT0020,Trơn
CCNPOT0006,CCNATT0021,"16×16 / 22,5×22,5 / 30x30cm (DxC)"
CCNPOT0007,CCNATT0013,Gốm sứ
CCNPOT0007,CCNATT0009,Màu trắng
CCNPOT0007,CCNATT0020,Gân sóng
CCNPOT0007,CCNATT0021,15x15cm / 20×20 / 25×25 (DxC)
CCNPOT0008,CCNATT0013,Gốm sứ
CCNPOT0008,CCNATT0009,Màu trắng
CCNPOT0008,CCNATT0020,Ô vuông nổi
CCNPOT0008,CCNATT0021,20x18cm / 25×22 / 30×25 (DxC)
CCNPOT0009,CCNATT0013,Bê tông sợi
CCNPOT0009,CCNATT0014,Remy (Trụ bo tròn)
CCNPOT0009,CCNATT0015,"• Tấm lưới thủy tinh (GRC)
• Lót chống thấm bảo vệ 2 mặt"
CCNPOT0009,CCNATT0016,43×38 / 30×27 (cm)
CCNPOT0009,CCNATT0017,/  (kg)
CCNPOT0009,CCNATT0009,Màu trắng
CCNPOT0009,CCNATT0019,Granito / Tezzo
CCNPOT0010,CCNATT0013,Đất nung sơn
CCNPOT0010,CCNATT0009,Xám xanh
CCNPOT0010,CCNATT0020,Hoa trang trí
CCNPOT0010,CCNATT0021,30x30x20 / 20x20x15 / 18x18x12 cm
CCNPOT0011,CCNATT0013,Gốm sứ
CCNPOT0011,CCNATT0009,Màu trắng
CCNPOT0011,CCNATT0020,Ô vuông nổi
CCNPOT0011,CCNATT0021,20x18cm / 25×21 / 31×25 (DxC)
CCNPOT0012,CCNATT0013,Gốm sứ
CCNPOT0012,CCNATT0009,Màu trắng
CCNPOT0012,CCNATT0020,Ô vuông nổi
CCNPOT0012,CCNATT0021,20x18cm / 25×21 / 31×25 (DxC)
CCNPOT0013,CCNATT0013,Gốm sứ
CCNPOT0013,CCNATT0009,Màu đen
CCNPOT0013,CCNATT0020,"Đan mây, gân chìm"
CCNPOT0013,CCNATT0021,"13,5x13cm / 20×20 / 25×25 (DxC)"
CCNPOT0014,CCNATT0013,Gốm sứ
CCNPOT0014,CCNATT0009,Màu đen
CCNPOT0014,CCNATT0020,"Thổ cẩm, gân chìm"
CCNPOT0014,CCNATT0021,"13,5x13cm / 20×20 / 25×25 (DxC)"
CCNPOT0015,CCNATT0013,Xi măng
CCNPOT0015,CCNATT0014,Trụ tròn vát đáy
CCNPOT0015,CCNATT0015,Tấm lưới thủy tinh / Kháng nước 2 mặt
CCNPOT0015,CCNATT0016,"38,5×33 / 30×27 (cm)"
CCNPOT0015,CCNATT0017,"4,5 / 3 (kg)"
CCNPOT0015,CCNATT0009,Wax đen
CCNPOT0015,CCNATT0019,Dây quấn rối
CCNPOT0016,CCNATT0013,"Xi măng, đá cẩm thạch"
CCNPOT0016,CCNATT0015,Tấm lưới thủy tinh
CCNPOT0016,CCNATT0016,30×30 (cm)
CCNPOT0016,CCNATT0009,"Đen, Xám"
CCNPOT0017,CCNATT0013,"Xi măng, đá cẩm thạch"
CCNPOT0017,CCNATT0015,Tấm lưới thủy tinh
CCNPOT0017,CCNATT0016,"• 20×20 (cm)
• 25×25 (cm)
• 30×30 (cm)
• 40×40 (cm)
• 50×50 (cm)"
CCNPOT0017,CCNATT0009,"• Trắng
• Đen
• Xám"
CCNPOT0018,CCNATT0013,"Xi măng, đá mài"
CCNPOT0018,CCNATT0015,Tấm lưới thủy tinh
CCNPOT0018,CCNATT0016,32x52cm (DxC)
CCNPOT0018,CCNATT0009,Xám
CCNPOT0018,CCNATT0020,Thổ cẩm
CCNPOT0019,CCNATT0013,"Xi măng, đá mài"
CCNPOT0019,CCNATT0015,Tấm lưới thủy tinh
CCNPOT0019,CCNATT0016,32x52cm (DxC)
CCNPOT0019,CCNATT0009,Xanh dương / Vàng / Trắng
CCNPOT0019,CCNATT0020,Kẻ ngang
CCNPOT0020,CCNATT0013,"Xi măng, đá mài"
CCNPOT0020,CCNATT0015,Tấm lưới thủy tinh
CCNPOT0020,CCNATT0016,32x52cm (DxC)
CCNPOT0020,CCNATT0009,Xám / Đen / Trắng
CCNPOT0020,CCNATT0020,Đá mài
CCNPOT0021,CCNATT0013,"Xi măng, đá mài"
CCNPOT0021,CCNATT0015,Tấm lưới thủy tinh
CCNPOT0021,CCNATT0016,40×40 (cm)
CCNPOT0021,CCNATT0009,"Màu trắng, xanh, vàng"
CCNPOT0021,CCNATT0020,Kẻ ngang
CCNPOT0022,CCNATT0013,"Xi măng, đá mài"
CCNPOT0022,CCNATT0015,Tấm lưới thủy tinh
CCNPOT0022,CCNATT0016,29×39 (cm)
CCNPOT0022,CCNATT0009,Màu xám
CCNPOT0022,CCNATT0020,Đá mài
CCNPOT0023,CCNATT0013,"Xi măng, đá mài"
CCNPOT0023,CCNATT0015,Tấm lưới thủy tinh
CCNPOT0023,CCNATT0016,29×39 (cm)
CCNPOT0023,CCNATT0009,Màu xám
CCNPOT0023,CCNATT0020,Đá mài
CCNPOT0024,CCNATT0013,"Xi măng, đá mài"
CCNPOT0024,CCNATT0015,Tấm lưới thủy tinh
CCNPOT0024,CCNATT0016,40×40 (cm)
CCNPOT0024,CCNATT0009,Màu xám
CCNPOT0024,CCNATT0020,"Zig zac, đá mài"
CCNPOT0025,CCNATT0013,Gốm sứ
CCNPOT0025,CCNATT0009,"Đỏ, vàng"
CCNPOT0025,CCNATT0020,Gân nổi
CCNPOT0025,CCNATT0021,12x12cm (DxC)
CCNPOT0026,CCNATT0013,Gốm sứ
CCNPOT0026,CCNATT0009,"Đỏ, vàng"
CCNPOT0026,CCNATT0020,In chữ ‘tài lộc’
CCNPOT0026,CCNATT0021,12x12cm (DxC)
CCNPOT0027,CCNATT0013,"Xi măng, đá mài"
CCNPOT0027,CCNATT0015,Tấm lưới thủy tinh
CCNPOT0027,CCNATT0016,40×40 (cm)
CCNPOT0027,CCNATT0009,"• Trắng (+50k)
• Đen (+50k)
• Xám"
CCNPOT0028,CCNATT0013,"Xi măng, đá mài"
CCNPOT0028,CCNATT0015,Tấm lưới thủy tinh
CCNPOT0028,CCNATT0016,40×40 (cm)
CCNPOT0028,CCNATT0009,"• Trắng (+30k)
• Đen
• Xám"
CCNPOT0029,CCNATT0013,"Xi măng, đá mài"
CCNPOT0029,CCNATT0015,Tấm lưới thủy tinh
CCNPOT0029,CCNATT0016,34×42 (cm)
CCNPOT0029,CCNATT0009,"• Trắng (+50k)
• Đen (+50k)
• Xám"
CCNPOT0030,CCNATT0013,Xi măng đá mài
CCNPOT0030,CCNATT0015,Khung sắt
CCNPOT0030,CCNATT0016,• 20×35 (cm)
CCNPOT0030,CCNATT0009,"• Trắng
• Đen
• Xám"
CCNPOT0031,CCNATT0013,Đất nung sơn
CCNPOT0031,CCNATT0009,Xanh
CCNPOT0031,CCNATT0020,Hoa cúc
CCNPOT0031,CCNATT0021,32×25 / 19×16 / 16×13 cm(DxC)
CCNPOT0032,CCNATT0013,Đất nung sơn
CCNPOT0032,CCNATT0009,Màu mộc
CCNPOT0032,CCNATT0020,Sọc ngang
CCNPOT0032,CCNATT0021,18×18 cm(DxC)
CCNPOT0033,CCNATT0013,Đất nung sơn
CCNPOT0033,CCNATT0009,Đen nhám
CCNPOT0033,CCNATT0020,Trơn
CCNPOT0033,CCNATT0021,17×15 cm(DxC)
CCNPOT0034,CCNATT0013,Đất nung sơn
CCNPOT0034,CCNATT0009,Xanh
CCNPOT0034,CCNATT0020,Hoa cúc
CCNPOT0034,CCNATT0021,18×30 / 25x34cm (DxC)
CCNPOT0035,CCNATT0013,Đất nung sơn
CCNPOT0035,CCNATT0009,Xanh
CCNPOT0035,CCNATT0020,Gân kẻ ngang
CCNPOT0035,CCNATT0021,20x17cm (DxC)
CCNPOT0036,CCNATT0013,Đất nung sơn nhám
CCNPOT0036,CCNATT0009,Xám
CCNPOT0036,CCNATT0020,Gân nổi
CCNPOT0036,CCNATT0021,20x20cm (DxC)
CCNPOT0037,CCNATT0013,Đất nung sơn wax
CCNPOT0037,CCNATT0009,Vàng kem
CCNPOT0037,CCNATT0020,Đa giác
CCNPOT0037,CCNATT0021,15x14cm (DxC)
CCNPOT0038,CCNATT0013,Đất nung sơn wax
CCNPOT0038,CCNATT0009,Vàng kem
CCNPOT0038,CCNATT0020,Đa giác
CCNPOT0038,CCNATT0021,15x14cm (DxC)
CCNPOT0039,CCNATT0013,Gốm sứ
CCNPOT0039,CCNATT0009,Xanh ngọc
CCNPOT0039,CCNATT0020,Hoa cúc
CCNPOT0039,CCNATT0021,20x18cm (DxC)
CCNPOT0040,CCNATT0013,Đất nung sơn
CCNPOT0040,CCNATT0009,Trắng / Xanh lá
CCNPOT0040,CCNATT0020,Thổ cẩm
CCNPOT0040,CCNATT0021,17x17cm (DxC)
CCNPOT0041,CCNATT0013,Đất nung sơn
CCNPOT0041,CCNATT0009,Xanh dương
CCNPOT0041,CCNATT0020,Gân sọc kẻ
CCNPOT0041,CCNATT0021,16x15cm (DxC)
CCNPOT0042,CCNATT0013,Gốm sứ
CCNPOT0042,CCNATT0009,Hồng
CCNPOT0042,CCNATT0020,Trơn
CCNPOT0042,CCNATT0021,10x10cm (DxC)
CCNPOT0043,CCNATT0013,Gốm sứ
CCNPOT0043,CCNATT0009,Xanh dương / Xanh ngọc
CCNPOT0043,CCNATT0020,Thổ cẩm
CCNPOT0043,CCNATT0021,16×14 / 20x18cm (DxC)
CCNPOT0044,CCNATT0013,Gốm sứ
CCNPOT0044,CCNATT0009,Trắng
CCNPOT0044,CCNATT0020,Thổ cẩm
CCNPOT0044,CCNATT0021,20x18cm (DxC)
CCNPOT0045,CCNATT0013,Gốm sứ
CCNPOT0045,CCNATT0009,Trắng
CCNPOT0045,CCNATT0020,Gân dọc
CCNPOT0045,CCNATT0021,20x18cm (DxC)
CCNPOT0046,CCNATT0013,Gốm sứ
CCNPOT0046,CCNATT0009,Trắng
CCNPOT0046,CCNATT0020,Giọt nước
CCNPOT0046,CCNATT0021,20x18cm (DxC)
CCNPOT0047,CCNATT0013,Gốm sứ
CCNPOT0047,CCNATT0009,Trắng
CCNPOT0047,CCNATT0020,Tam giác
CCNPOT0047,CCNATT0021,20x18cm (DxC)
CCNPOT0048,CCNATT0013,Gốm sứ
CCNPOT0048,CCNATT0009,Nhiều màu sắc
CCNPOT0048,CCNATT0020,Tam giác
CCNPOT0048,CCNATT0021,18x15cm (DxC)
CCNPOT0049,CCNATT0013,Gốm sứ
CCNPOT0049,CCNATT0009,Trắng
CCNPOT0049,CCNATT0020,Chiếc lá
CCNPOT0049,CCNATT0021,20x18cm (DxC)
CCNPOT0050,CCNATT0013,"Gốm men rạn, men nhám"
CCNPOT0050,CCNATT0009,Vàng kem
CCNPOT0050,CCNATT0020,"Trơn nhám, gân sọc"
CCNPOT0050,CCNATT0021,16x14cm (DxC)
CCNPOT0051,CCNATT0013,Đất nung sơn
CCNPOT0051,CCNATT0009,Nhiều màu sắc
CCNPOT0051,CCNATT0020,Gân hoa trang trí
CCNPOT0051,CCNATT0021,15x15cm (DxC)
CCNPOT0052,CCNATT0013,Đất nung sơn
CCNPOT0052,CCNATT0009,Trắng
CCNPOT0052,CCNATT0020,Gân sọc
CCNPOT0052,CCNATT0021,"16×14,5cm (DxC)"
CCNPOT0053,CCNATT0013,Gốm sứ
CCNPOT0053,CCNATT0009,Xanh dương
CCNPOT0053,CCNATT0020,Trơn nhám
CCNPOT0053,CCNATT0021,"12,5x11cm (DxC)"
CCNPOT0054,CCNATT0013,Gốm sứ
CCNPOT0054,CCNATT0009,Xanh đại dương
CCNPOT0054,CCNATT0020,‘Caro’
CCNPOT0054,CCNATT0021,25x24cm (DxC)
CCNPOT0055,CCNATT0013,Gốm sứ
CCNPOT0055,CCNATT0009,Nhiều màu sắc
CCNPOT0055,CCNATT0020,‘Nhiệt đới’
CCNPOT0055,CCNATT0021,20x18cm (DxC)
CCNPOT0056,CCNATT0013,Gốm sứ
CCNPOT0056,CCNATT0009,Nhiều màu sắc
CCNPOT0056,CCNATT0020,‘Cầu vòng’
CCNPOT0056,CCNATT0021,17x17cm (DxC)
CCNPOT0057,CCNATT0013,Gốm sứ
CCNPOT0057,CCNATT0009,Nâu
CCNPOT0057,CCNATT0020,‘Nàng thơ’
CCNPOT0057,CCNATT0021,11x9cm (DxC)
CCNPOT0058,CCNATT0013,Đất nung sơn
CCNPOT0058,CCNATT0009,Vàng sáng / Vàng đồng
CCNPOT0058,CCNATT0020,Trơn
CCNPOT0058,CCNATT0021,13x13cm (DxC)
CCNPOT0059,CCNATT0013,Đất nung sơn
CCNPOT0059,CCNATT0009,Màu mộc
CCNPOT0059,CCNATT0020,Hoa cúc
CCNPOT0059,CCNATT0021,20×20 / 25×25 / 30x30cm (DxC)
CCNPOT0060,CCNATT0013,Gốm đất nung sơn
CCNPOT0060,CCNATT0009,"Xanh lá, trắng"
CCNPOT0060,CCNATT0020,Kim cương
CCNPOT0060,CCNATT0021,16×16 / 24×20 / 30x25cm (DxC)
CCNPOT0061,CCNATT0013,Gốm đất nung sơn
CCNPOT0061,CCNATT0009,Nâu / Trắng
CCNPOT0061,CCNATT0020,Giả đá
CCNPOT0061,CCNATT0021,30x30cm (DxC)
CCNPOT0062,CCNATT0013,Gốm đất nung sơn
CCNPOT0062,CCNATT0009,Nâu / Trắng
CCNPOT0062,CCNATT0020,Giả đá
CCNPOT0062,CCNATT0021,25x25cm (DxC)
CCNPOT0063,CCNATT0013,Gốm đất nung sơn
CCNPOT0063,CCNATT0009,Nâu / Trắng
CCNPOT0063,CCNATT0020,Giả đá
CCNPOT0063,CCNATT0021,20x20cm (DxC)
CCNPOT0064,CCNATT0013,Gốm đất nung sơn
CCNPOT0064,CCNATT0009,Đen
CCNPOT0064,CCNATT0020,Nhám
CCNPOT0064,CCNATT0021,18x16cm (DxC)
CCNPOT0065,CCNATT0013,Gốm đất nung sơn
CCNPOT0065,CCNATT0009,Trắng / Đen
CCNPOT0065,CCNATT0020,Gân sọc
CCNPOT0065,CCNATT0021,17x17cm (DxC)
CCNPOT0066,CCNATT0013,Đất nung sơn màu
CCNPOT0066,CCNATT0009,Trắng / Đen
CCNPOT0066,CCNATT0020,Gân nổi
CCNPOT0066,CCNATT0021,17×17 cm (DxC)
CCNPOT0067,CCNATT0013,Đất nung sơn bóng
CCNPOT0067,CCNATT0009,Trắng / Đen / Xanh lá
CCNPOT0067,CCNATT0020,Gân sọc
CCNPOT0067,CCNATT0021,17x17cm (DxC)
CCNPOT0068,CCNATT0013,Đất nung sơn màu
CCNPOT0068,CCNATT0009,Trắng / Đen
CCNPOT0068,CCNATT0020,Gân tam giác
CCNPOT0068,CCNATT0021,17×17 cm (DxC)
CCNPOT0069,CCNATT0013,Đất nung sơn màu
CCNPOT0069,CCNATT0009,Xanh lá / Vàng / Cam
CCNPOT0069,CCNATT0020,Hoa thổ cẩm
CCNPOT0069,CCNATT0021,18×16 cm (DxC)
CCNPOT0070,CCNATT0013,Đất nung sơn màu
CCNPOT0070,CCNATT0009,Màu đen bóng
CCNPOT0070,CCNATT0020,Trơn
CCNPOT0070,CCNATT0021,20×20 cm (DxC)
CCNPOT0071,CCNATT0013,Đất nung sơn màu
CCNPOT0071,CCNATT0009,Màu mộc
CCNPOT0071,CCNATT0020,Marble
CCNPOT0071,CCNATT0021,20×18 cm (DxC)
CCNPOT0072,CCNATT0013,Gốm sứ
CCNPOT0072,CCNATT0009,Trắng
CCNPOT0072,CCNATT0020,Giả đá
CCNPOT0072,CCNATT0021,26×20 / 18×16 / 12x10cm (DxC)
CCNPOT0073,CCNATT0013,Đất nung sơn màu
CCNPOT0073,CCNATT0009,Màu trắng
CCNPOT0073,CCNATT0020,Trơn
CCNPOT0073,CCNATT0021,17×17 cm (DxC)
CCNPOT0074,CCNATT0013,Đất nung sơn màu
CCNPOT0074,CCNATT0009,Màu trắng
CCNPOT0074,CCNATT0020,Gân chéo
CCNPOT0074,CCNATT0021,17×17 cm (DxC)
CCNPOT0075,CCNATT0013,Đất nung sơn màu
CCNPOT0075,CCNATT0009,Màu trắng
CCNPOT0075,CCNATT0020,Gân chéo
CCNPOT0075,CCNATT0021,17×17 cm (DxC)
CCNPOT0076,CCNATT0013,Gốm sứ
CCNPOT0076,CCNATT0009,Trắng
CCNPOT0076,CCNATT0020,Giả đá
CCNPOT0076,CCNATT0021,26×20 / 18×16 / 12x10cm (DxC)
CCNPOT0077,CCNATT0013,Gốm sứ
CCNPOT0077,CCNATT0009,Trắng
CCNPOT0077,CCNATT0020,Trơn
CCNPOT0077,CCNATT0021,15×15 / 18×18 cm (DxC)
CCNPOT0078,CCNATT0013,Gốm sứ
CCNPOT0078,CCNATT0009,Trắng / Xanh dương
CCNPOT0078,CCNATT0020,Mặt người
CCNPOT0078,CCNATT0021,15×15 cm (DxC)
CCNPOT0079,CCNATT0013,Đất nung sơn màu
CCNPOT0079,CCNATT0009,Màu mộc
CCNPOT0079,CCNATT0020,Gân sọc dọc
CCNPOT0079,CCNATT0021,18×18 cm (DxC)
CCNPOT0080,CCNATT0013,Đất nung sơn màu
CCNPOT0080,CCNATT0009,Màu kem
CCNPOT0080,CCNATT0020,Gân sọc dọc
CCNPOT0080,CCNATT0021,18×18 cm (DxC)
CCNPOT0081,CCNATT0013,Đất nung sơn màu
CCNPOT0081,CCNATT0009,"Màu xám, trắng"
CCNPOT0081,CCNATT0020,Gân sọc ngang
CCNPOT0081,CCNATT0021,"12,5×9 cm (DxC)"
CCNPOT0082,CCNATT0013,Gốm sứ
CCNPOT0082,CCNATT0009,Trắng
CCNPOT0082,CCNATT0020,Trơn
CCNPOT0082,CCNATT0021,33×45 cm (DxC)
CCNPOT0083,CCNATT0013,Gốm sứ
CCNPOT0083,CCNATT0009,Trắng
CCNPOT0083,CCNATT0020,Hình cute
CCNPOT0083,CCNATT0021,10×11 cm (DxC)
CCNPOT0084,CCNATT0013,Gốm sứ
CCNPOT0084,CCNATT0009,Trắng
CCNPOT0084,CCNATT0020,Hình bông hoa
CCNPOT0084,CCNATT0021,12×9 cm (DxC)
CCNPOT0085,CCNATT0013,Gốm sứ
CCNPOT0085,CCNATT0009,Trắng
CCNPOT0085,CCNATT0020,Hình cô giá cute
CCNPOT0085,CCNATT0021,12×9 cm (DxC)
CCNPOT0086,CCNATT0013,Gốm sứ
CCNPOT0086,CCNATT0009,Trắng
CCNPOT0086,CCNATT0020,Hình mèo chiêu tài
CCNPOT0086,CCNATT0021,12×9 cm (DxC)
CCNPOT0087,CCNATT0013,Gốm sứ
CCNPOT0087,CCNATT0009,Trắng
CCNPOT0087,CCNATT0020,Câu nói tiếng anh
CCNPOT0087,CCNATT0021,12×9 cm (DxC)
CCNPOT0088,CCNATT0013,Gốm sứ
CCNPOT0088,CCNATT0009,Trắng
CCNPOT0088,CCNATT0020,Câu nói ý nghĩa
CCNPOT0088,CCNATT0021,12×9 cm (DxC)
CCNPOT0089,CCNATT0013,Gốm sứ
CCNPOT0089,CCNATT0009,Trắng
CCNPOT0089,CCNATT0020,Hình mèo chiêu tài
CCNPOT0089,CCNATT0021,12×9 cm (DxC)
CCNPOT0090,CCNATT0013,Gốm sứ
CCNPOT0090,CCNATT0009,Trắng
CCNPOT0090,CCNATT0020,Hình thú cưng
CCNPOT0090,CCNATT0021,12×9 cm (DxC)
CCNPOT0091,CCNATT0013,Gốm sứ
CCNPOT0091,CCNATT0009,Trắng
CCNPOT0091,CCNATT0020,Hình thú cưng
CCNPOT0091,CCNATT0021,12×9 cm (DxC)
CCNPOT0092,CCNATT0013,Gốm sứ
CCNPOT0092,CCNATT0009,Trắng
CCNPOT0092,CCNATT0020,Hình chiếc lá
CCNPOT0092,CCNATT0021,12×9 cm (DxC)
CCNPOT0093,CCNATT0013,Gốm sứ
CCNPOT0093,CCNATT0009,Trắng
CCNPOT0093,CCNATT0020,Hình mèo thần tài
CCNPOT0093,CCNATT0021,14×14 cm (DxC)
CCNPOT0094,CCNATT0013,Gốm sứ
CCNPOT0094,CCNATT0009,Trắng
CCNPOT0094,CCNATT0020,Hình chiếc lá
CCNPOT0094,CCNATT0021,18×16 / 14×13 / 10×10 cm (DxC)
CCNPOT0095,CCNATT0013,Đất nung sơn
CCNPOT0095,CCNATT0009,Màu mộc
CCNPOT0095,CCNATT0020,Sơn ngôi nhà
CCNPOT0095,CCNATT0021,16×16 cm (DxC)
CCNPOT0096,CCNATT0013,Đất nung sơn
CCNPOT0096,CCNATT0009,Màu mộc
CCNPOT0096,CCNATT0020,Vân lá
CCNPOT0096,CCNATT0021,12×11 cm (DxC)
CCNPOT0097,CCNATT0013,Đất nung mộc
CCNPOT0097,CCNATT0009,Màu mộc
CCNPOT0097,CCNATT0020,Trơn
CCNPOT0097,CCNATT0021,15×15 cm (DxC)
CCNPOT0098,CCNATT0013,Đất nung sơn
CCNPOT0098,CCNATT0009,Trắng kem
CCNPOT0098,CCNATT0020,Trơn
CCNPOT0098,CCNATT0021,15×13 cm (DxC)
CCNPOT0099,CCNATT0013,Đất nung sơn
CCNPOT0099,CCNATT0009,"Trắng, đen"
CCNPOT0099,CCNATT0020,Gân sóng ngang
CCNPOT0099,CCNATT0021,15×14 cm (DxC)
CCNPOT0100,CCNATT0013,Gốm tráng men
CCNPOT0100,CCNATT0009,Trắng
CCNPOT0100,CCNATT0020,"Sọc dọc, vân đá"
CCNPOT0100,CCNATT0021,18×16 / 14×13 / 10×10 cm (DxC)
CCNPOT0101,CCNATT0013,Đất nung sơn
CCNPOT0101,CCNATT0009,"Trắng, vàng đồng / Đen, vàng đồng"
CCNPOT0101,CCNATT0020,Viền vàng đồng
CCNPOT0101,CCNATT0021,14×13 cm (DxC)
CCNPOT0102,CCNATT0013,Đất nung sơn
CCNPOT0102,CCNATT0009,"Trắng, đen"
CCNPOT0102,CCNATT0020,Sọc dọc
CCNPOT0102,CCNATT0021,14×13 cm (DxC)
CCNPOT0103,CCNATT0013,Đất nung sơn
CCNPOT0103,CCNATT0009,"Trắng, đen"
CCNPOT0103,CCNATT0020,"Thổ cẩm, giả đá"
CCNPOT0103,CCNATT0021,15×13 cm (DxC)
CCNPOT0104,CCNATT0013,Đất nung sơn
CCNPOT0104,CCNATT0009,Xám bóng
CCNPOT0104,CCNATT0020,Trơn
CCNPOT0104,CCNATT0021,14×14 cm (DxC)
CCNPOT0105,CCNATT0013,Đất nung sơn
CCNPOT0105,CCNATT0009,Wax nâu
CCNPOT0105,CCNATT0020,Giả đá mài
CCNPOT0105,CCNATT0021,14×15 cm (DxC)
CCNPOT0106,CCNATT0013,Đất nung sơn
CCNPOT0106,CCNATT0009,Wax xám
CCNPOT0106,CCNATT0020,Gân sóng
CCNPOT0106,CCNATT0021,14×13 cm (DxC)
CCNPOT0107,CCNATT0013,Đất nung sơn
CCNPOT0107,CCNATT0009,Nâu viền vàng
CCNPOT0107,CCNATT0020,Thổ cẩm
CCNPOT0107,CCNATT0021,14×13 / 19×18 cm (DxC)
CCNPOT0108,CCNATT0013,Đất núng sơn
CCNPOT0108,CCNATT0009,Xám khói
CCNPOT0108,CCNATT0020,Xám khói
CCNPOT0108,CCNATT0021,14×13 cm (DxC)
CCNPOT0109,CCNATT0013,Gốm tráng men
CCNPOT0109,CCNATT0009,"Xám khói, đồng"
CCNPOT0109,CCNATT0020,Vân khói
CCNPOT0109,CCNATT0021,12×11 cm (DxC)
CCNPOT0110,CCNATT0013,"Đất nung, sơn chống thấm"
CCNPOT0110,CCNATT0009,"Trắng, xám"
CCNPOT0110,CCNATT0020,"Sọc dọc, vân đá"
CCNPOT0110,CCNATT0021,14×13 cm (DxC)
CCNPOT0111,CCNATT0013,Đất nung tráng men
CCNPOT0111,CCNATT0009,Đen
CCNPOT0111,CCNATT0020,Trơn
CCNPOT0111,CCNATT0021,16x14cm (DxC)
CCNPOT0112,CCNATT0013,Gốm sứ
CCNPOT0112,CCNATT0009,Trắng
CCNPOT0112,CCNATT0020,Gân sọc
CCNPOT0112,CCNATT0021,16x14cm (DxC)
CCNPOT0113,CCNATT0013,Gốm sứ
CCNPOT0113,CCNATT0009,Trắng
CCNPOT0113,CCNATT0020,Gân tổ ong
CCNPOT0113,CCNATT0021,16x14cm (DxC)
CCNPOT0114,CCNATT0013,Gốm sứ
CCNPOT0114,CCNATT0009,Trắng
CCNPOT0114,CCNATT0020,Gân tổ ong
CCNPOT0114,CCNATT0021,24x18cm (DxC)
CCNPOT0115,CCNATT0013,Gốm sứ
CCNPOT0115,CCNATT0009,Trắng
CCNPOT0115,CCNATT0020,Gân dọc
CCNPOT0115,CCNATT0021,24x18cm (DxC)
CCNPOT0116,CCNATT0013,Gốm sứ
CCNPOT0116,CCNATT0009,Trắng
CCNPOT0116,CCNATT0020,Gân dọc
CCNPOT0116,CCNATT0021,24x18cm (DxC)
CCNPOT0117,CCNATT0013,Gốm sứ
CCNPOT0117,CCNATT0009,Trắng
CCNPOT0117,CCNATT0020,Gân cong
CCNPOT0117,CCNATT0021,24x18cm (DxC)
CCNPOT0118,CCNATT0013,Gốm sứ
CCNPOT0118,CCNATT0009,Trắng
CCNPOT0118,CCNATT0020,Gân cong
CCNPOT0118,CCNATT0021,24x18cm (DxC)
CCNPOT0119,CCNATT0013,Gốm sứ
CCNPOT0119,CCNATT0009,Trắng
CCNPOT0119,CCNATT0020,Gân dọc
CCNPOT0119,CCNATT0021,24x18cm (DxC)
CCNPOT0120,CCNATT0013,Gốm sứ
CCNPOT0120,CCNATT0009,Trắng
CCNPOT0120,CCNATT0020,Sọc ngang
CCNPOT0120,CCNATT0021,32x25cm / 24x18cm (DxC)
CCNPOT0121,CCNATT0013,Đất nung
CCNPOT0121,CCNATT0009,Xanh ngọc
CCNPOT0121,CCNATT0020,Hoa hồng
CCNPOT0121,CCNATT0021,32x25cm / 24x18cm (DxC)
CCNPOT0122,CCNATT0013,Đất nung
CCNPOT0122,CCNATT0009,"Nâu đất, trắng"
CCNPOT0122,CCNATT0020,Thổ cẩm
CCNPOT0122,CCNATT0021,25x20cm / 18x15cm
CCNPOT0123,CCNATT0013,Đất nung
CCNPOT0123,CCNATT0009,Nâu đất
CCNPOT0123,CCNATT0020,Sọc dọc
CCNPOT0123,CCNATT0021,35x24cm
CCNPOT0124,CCNATT0013,Đất nung
CCNPOT0124,CCNATT0009,Wax màu xám
CCNPOT0124,CCNATT0020,Kẻ xiên
CCNPOT0124,CCNATT0021,25x20cm / 18x15cm
CCNPOT0125,CCNATT0013,Đất nung
CCNPOT0125,CCNATT0009,Wax màu xám
CCNPOT0125,CCNATT0020,Kẻ xiên
CCNPOT0125,CCNATT0021,25x20cm
CCNPOT0126,CCNATT0013,Đất nung
CCNPOT0126,CCNATT0009,Nâu đất
CCNPOT0126,CCNATT0020,Kẻ xiên
CCNPOT0126,CCNATT0021,25x20cm
CCNPOT0127,CCNATT0013,Đất nung
CCNPOT0127,CCNATT0009,Nâu đất
CCNPOT0127,CCNATT0020,Sọc dọc
CCNPOT0127,CCNATT0021,25x20cm
CCNPOT0128,CCNATT0013,Đất nung
CCNPOT0128,CCNATT0009,Nâu đất
CCNPOT0128,CCNATT0020,Hoa cúc
CCNPOT0128,CCNATT0021,25x20cm
CCNPOT0129,CCNATT0013,Đất nung
CCNPOT0129,CCNATT0009,Nâu đất
CCNPOT0129,CCNATT0020,Hoa hồng
CCNPOT0129,CCNATT0021,25x20cm
CCNPOT0130,CCNATT0013,Đất nung
CCNPOT0130,CCNATT0009,Nâu trắng
CCNPOT0130,CCNATT0020,Thổ cẩm
CCNPOT0130,CCNATT0021,20x18cm
CCNPOT0131,CCNATT0013,Đất nung
CCNPOT0131,CCNATT0009,Xanh dương / Nâu đỏ / Xanh lá / Nâu đất
CCNPOT0131,CCNATT0020,Hoa cúc
CCNPOT0131,CCNATT0021,18x18cm
CCNPOT0132,CCNATT0013,Đất nung
CCNPOT0132,CCNATT0009,Xanh dương
CCNPOT0132,CCNATT0020,Thổ cẩm
CCNPOT0132,CCNATT0021,18x18cm
CCNPOT0133,CCNATT0013,Đất nung
CCNPOT0133,CCNATT0009,Nâu đất
CCNPOT0133,CCNATT0020,Trơn
CCNPOT0133,CCNATT0021,18x18cm
CCNPOT0134,CCNATT0013,Đất nung
CCNPOT0134,CCNATT0009,Nâu đất
CCNPOT0134,CCNATT0020,Đan hoa
CCNPOT0134,CCNATT0021,15x14cm
CCNPOT0135,CCNATT0013,Đất nung
CCNPOT0135,CCNATT0009,Nâu đất
CCNPOT0135,CCNATT0020,Kẻ chéo
CCNPOT0135,CCNATT0021,15x15cm
CCNPOT0136,CCNATT0013,Đất nung
CCNPOT0136,CCNATT0009,Nâu đất
CCNPOT0136,CCNATT0020,Gợn sóng
CCNPOT0136,CCNATT0021,15x15cm
CCNPOT0137,CCNATT0013,Đất nung
CCNPOT0137,CCNATT0009,Nâu đất
CCNPOT0137,CCNATT0020,Lưới
CCNPOT0137,CCNATT0021,29x26cm
CCNPOT0138,CCNATT0013,Đất nung
CCNPOT0138,CCNATT0009,Nâu đất
CCNPOT0138,CCNATT0020,Tường gạch
CCNPOT0138,CCNATT0021,29x26cm
CCNPOT0139,CCNATT0013,Đất nung
CCNPOT0139,CCNATT0009,Nâu đất
CCNPOT0139,CCNATT0020,Sọc ngang
CCNPOT0139,CCNATT0021,30x30cm
CCNPOT0140,CCNATT0013,Đất nung
CCNPOT0140,CCNATT0009,Nâu đất
CCNPOT0140,CCNATT0020,Thổ cẩm
CCNPOT0140,CCNATT0021,30x30cm
CCNPOT0141,CCNATT0013,Đất nung
CCNPOT0141,CCNATT0009,Nâu đất
CCNPOT0141,CCNATT0020,Dây quấn rối
CCNPOT0141,CCNATT0021,29x26cm
CCNPOT0142,CCNATT0013,Đất nung
CCNPOT0142,CCNATT0009,Nâu đất
CCNPOT0142,CCNATT0020,Hoa hồng
CCNPOT0142,CCNATT0021,14x14cm / 22x22cm / 28x28cm
CCNPOT0143,CCNATT0013,Đất nung
CCNPOT0143,CCNATT0009,Nâu đất
CCNPOT0143,CCNATT0020,Hoa
CCNPOT0143,CCNATT0021,25x28cm
CCNPOT0144,CCNATT0013,Đất nung
CCNPOT0144,CCNATT0009,Nâu đất
CCNPOT0144,CCNATT0020,Chấm tròn
CCNPOT0144,CCNATT0021,23x20cm
CCNPOT0145,CCNATT0013,Đất nung
CCNPOT0145,CCNATT0009,Nâu đất
CCNPOT0145,CCNATT0020,Dây quấn rối
CCNPOT0145,CCNATT0021,25x19cm
CCNPOT0146,CCNATT0013,Đất nung
CCNPOT0146,CCNATT0009,Kem đất
CCNPOT0146,CCNATT0020,Trơn
CCNPOT0146,CCNATT0021,11x11cm / 15x15cm / x 20x20cm / 25x25cm
CCNPOT0147,CCNATT0013,Đất nung
CCNPOT0147,CCNATT0009,Kem đất
CCNPOT0147,CCNATT0020,Trơn
CCNPOT0147,CCNATT0021,11x11cm / 15x15cm / x 20x20cm / 25x25cm
CCNPOT0148,CCNATT0013,Đất nung
CCNPOT0148,CCNATT0009,Nâu đất
CCNPOT0148,CCNATT0020,Da rắn
CCNPOT0148,CCNATT0021,30x30cm / 21x21cm / 15x15cm
CCNPOT0149,CCNATT0013,Đất nung
CCNPOT0149,CCNATT0009,Nâu đất
CCNPOT0149,CCNATT0020,Sọc chéo
CCNPOT0149,CCNATT0021,15x13cm
CCNPOT0150,CCNATT0013,Đất nung
CCNPOT0150,CCNATT0009,Nâu đất
CCNPOT0150,CCNATT0020,Vân lá
CCNPOT0150,CCNATT0021,15x14cm
CCNPOT0151,CCNATT0013,Đất nung
CCNPOT0151,CCNATT0009,Nâu đất
CCNPOT0151,CCNATT0020,Vân sọc nổi
CCNPOT0151,CCNATT0021,15x15cm
CCNPOT0152,CCNATT0013,Đất nung
CCNPOT0152,CCNATT0009,Trắng ngà
CCNPOT0152,CCNATT0020,Trơn
CCNPOT0152,CCNATT0021,13x13cm
CCNPOT0153,CCNATT0013,Đất nung
CCNPOT0153,CCNATT0009,Trắng ngà
CCNPOT0153,CCNATT0020,Trơn
CCNPOT0153,CCNATT0021,21x27cm / 26x32cm
CCNPOT0154,CCNATT0013,Đất nung
CCNPOT0154,CCNATT0009,Nâu đất
CCNPOT0154,CCNATT0020,Gân chéo
CCNPOT0154,CCNATT0021,14x13cm
CCNPOT0155,CCNATT0013,Đất nung
CCNPOT0155,CCNATT0009,Nâu đất
CCNPOT0155,CCNATT0020,Quấn rối
CCNPOT0155,CCNATT0021,18x16cm / 25x20cm
CCNPOT0156,CCNATT0013,Đất nung
CCNPOT0156,CCNATT0009,Nâu đậm
CCNPOT0156,CCNATT0020,Trơn
CCNPOT0156,CCNATT0021,24x23cm
CCNPOT0157,CCNATT0013,Đất nung
CCNPOT0157,CCNATT0009,Nâu đậm
CCNPOT0157,CCNATT0020,Trơn
CCNPOT0157,CCNATT0021,15x15cm / 20x20cm
CCNPOT0158,CCNATT0013,Đất nung
CCNPOT0158,CCNATT0009,Nâu đất
CCNPOT0158,CCNATT0020,Marble
CCNPOT0158,CCNATT0021,14x14cm
CCNPOT0159,CCNATT0013,Đất nung
CCNPOT0159,CCNATT0009,Nâu kem
CCNPOT0159,CCNATT0020,Marble
CCNPOT0159,CCNATT0021,18x18cm
CCNPOT0160,CCNATT0013,Đất nung
CCNPOT0160,CCNATT0009,Nâu đất
CCNPOT0160,CCNATT0020,Gân sọc
CCNPOT0160,CCNATT0021,14x14cm
CCNPOT0161,CCNATT0013,Đất nung
CCNPOT0161,CCNATT0009,Nâu đất
CCNPOT0161,CCNATT0020,Tổ ong
CCNPOT0161,CCNATT0021,17x17cm
CCNPOT0162,CCNATT0013,Đất nung
CCNPOT0162,CCNATT0009,Nâu đất
CCNPOT0162,CCNATT0020,Gợn sóng
CCNPOT0162,CCNATT0021,12x11cm
CCNPOT0163,CCNATT0013,Đất nung
CCNPOT0163,CCNATT0009,Nâu đất
CCNPOT0163,CCNATT0020,Sọc caro
CCNPOT0163,CCNATT0021,12x11cm
CCNPOT0164,CCNATT0013,Đất nung
CCNPOT0164,CCNATT0009,Nâu đất
CCNPOT0164,CCNATT0020,Sọc chéo
CCNPOT0164,CCNATT0021,12x11cm
CCNPOT0165,CCNATT0013,Đất nung
CCNPOT0165,CCNATT0009,Nâu đất
CCNPOT0165,CCNATT0020,Kim cương
CCNPOT0165,CCNATT0021,12x11cm
CCNPOT0166,CCNATT0013,Đất nung
CCNPOT0166,CCNATT0009,Nâu đất
CCNPOT0166,CCNATT0020,Kim cương
CCNPOT0166,CCNATT0021,12x11cm
CCNPOT0167,CCNATT0013,Đất nung
CCNPOT0167,CCNATT0009,Nâu đất
CCNPOT0167,CCNATT0020,Tổ ong
CCNPOT0167,CCNATT0021,12x11cm
CCNPOT0168,CCNATT0013,Đất nung
CCNPOT0168,CCNATT0009,Nâu đất
CCNPOT0168,CCNATT0020,Tổ ong
CCNPOT0168,CCNATT0021,18x16cm
CCNPOT0169,CCNATT0013,Đất nung
CCNPOT0169,CCNATT0009,Nâu đất
CCNPOT0169,CCNATT0020,Tổ ong
CCNPOT0169,CCNATT0021,15x14cm
CCNPOT0170,CCNATT0013,Đất nung
CCNPOT0170,CCNATT0009,Nâu đất
CCNPOT0170,CCNATT0020,Tổ ong
CCNPOT0170,CCNATT0021,23x20cm
CCNPOT0171,CCNATT0013,Đất nung
CCNPOT0171,CCNATT0009,Nâu đất
CCNPOT0171,CCNATT0020,Gợn sóng
CCNPOT0171,CCNATT0021,23x20cm
CCNPOT0172,CCNATT0013,Đất nung
CCNPOT0172,CCNATT0009,Nâu đất
CCNPOT0172,CCNATT0020,Sọc kẻ
CCNPOT0172,CCNATT0021,25x18cm
CCNPOT0173,CCNATT0013,Đất nung
CCNPOT0173,CCNATT0009,Nâu đất
CCNPOT0173,CCNATT0020,Đan chéo
CCNPOT0173,CCNATT0021,23x24cm
CCNPOT0174,CCNATT0013,Đất nung
CCNPOT0174,CCNATT0009,Nâu đất
CCNPOT0174,CCNATT0020,Đan chéo
CCNPOT0174,CCNATT0021,14.5x13cm
CCNPOT0175,CCNATT0013,Đất nung
CCNPOT0175,CCNATT0009,Nâu đất
CCNPOT0175,CCNATT0020,Đan chéo
CCNPOT0175,CCNATT0021,14x13cm
CCNPOT0176,CCNATT0013,Đất nung
CCNPOT0176,CCNATT0009,Nâu đất
CCNPOT0176,CCNATT0020,Đan chéo
CCNPOT0176,CCNATT0021,14x13cm
CCNPOT0177,CCNATT0013,Đất nung
CCNPOT0177,CCNATT0009,Nâu đất
CCNPOT0177,CCNATT0020,Đan chéo
CCNPOT0177,CCNATT0021,23x17cm
CCNPOT0178,CCNATT0013,Đất nung
CCNPOT0178,CCNATT0009,Nâu đất
CCNPOT0178,CCNATT0020,Chấm bi
CCNPOT0178,CCNATT0021,15x15cm
CCNPOT0179,CCNATT0013,Đất nung
CCNPOT0179,CCNATT0009,Nâu đất
CCNPOT0179,CCNATT0020,Vân kẻ
CCNPOT0179,CCNATT0021,15x13cm / 11x9cm
CCNPOT0180,CCNATT0013,Đất nung
CCNPOT0180,CCNATT0009,Nâu đất
CCNPOT0180,CCNATT0020,Sọc đứng
CCNPOT0180,CCNATT0021,14.5x13cm
CCNPOT0181,CCNATT0013,Đất nung
CCNPOT0181,CCNATT0009,Nâu đất
CCNPOT0181,CCNATT0020,Sọc chéo
CCNPOT0181,CCNATT0021,16x14cm
CCNPOT0182,CCNATT0013,Đất nung
CCNPOT0182,CCNATT0009,Nâu đất
CCNPOT0182,CCNATT0020,Sọc chéo
CCNPOT0182,CCNATT0021,15x15cm
CCNPOT0183,CCNATT0013,Đất nung
CCNPOT0183,CCNATT0009,Nâu đất
CCNPOT0183,CCNATT0020,Sọc kẻ ngang
CCNPOT0183,CCNATT0021,23x24cm / 27x29cm
CCNPOT0184,CCNATT0013,Đất nung
CCNPOT0184,CCNATT0009,Nâu đất
CCNPOT0184,CCNATT0020,Trơn
CCNPOT0184,CCNATT0021,28x28cm
CCNPOT0185,CCNATT0013,Đất nung
CCNPOT0185,CCNATT0009,Nâu đất
CCNPOT0185,CCNATT0020,Trơn
CCNPOT0185,CCNATT0021,15x13cm / 11x9cm
CCNPOT0186,CCNATT0013,Đất nung
CCNPOT0186,CCNATT0009,Nâu đất
CCNPOT0186,CCNATT0020,Giọt nước
CCNPOT0186,CCNATT0021,18x16cm
CCNPOT0187,CCNATT0013,Đất nung
CCNPOT0187,CCNATT0009,Nâu đất
CCNPOT0187,CCNATT0020,Xoắn
CCNPOT0187,CCNATT0021,17x17cm
CCNPOT0188,CCNATT0013,Đất nung
CCNPOT0188,CCNATT0009,Nâu đất
CCNPOT0188,CCNATT0020,Giọt nước
CCNPOT0188,CCNATT0021,30x25cm / 23x20cm
CCNPOT0189,CCNATT0013,Đất nung
CCNPOT0189,CCNATT0009,Nâu đất
CCNPOT0189,CCNATT0020,Giọt nước
CCNPOT0189,CCNATT0021,18x19cm
CCNPOT0190,CCNATT0013,Đất nung
CCNPOT0190,CCNATT0009,Nâu đất
CCNPOT0190,CCNATT0020,Da rắn
CCNPOT0190,CCNATT0021,25x18cm
CCNPOT0191,CCNATT0013,Đất nung
CCNPOT0191,CCNATT0009,Nâu đất
CCNPOT0191,CCNATT0020,Trơn
CCNPOT0191,CCNATT0021,17×15 / 17×17 / 19×20 / 25×25 / 20×27 / 25×32
CCNPOT0192,CCNATT0013,Đất nung
CCNPOT0192,CCNATT0009,Nâu đất
CCNPOT0192,CCNATT0020,Tường gạch
CCNPOT0192,CCNATT0021,25cm (ngang) – 25cm (cao)
CCNPOT0193,CCNATT0013,Đất nung
CCNPOT0193,CCNATT0009,Nâu Đất / Xanh lá / Xanh lam / Xám / Hồng Trắng
CCNPOT0193,CCNATT0020,Tường gạch
CCNPOT0193,CCNATT0021,17cm (ngang) – 16cm (cao)
CCNPOT0194,CCNATT0013,Đất nung
CCNPOT0194,CCNATT0009,Đen / Xám
CCNPOT0194,CCNATT0020,Kẻ sọc
CCNPOT0194,CCNATT0021,"14,5cm (ngang) – 13.5cm (cao)"
CCNPOT0195,CCNATT0013,Đất nung
CCNPOT0195,CCNATT0009,Đen / Trắng / Xám / Hồng / Xanh Dương
CCNPOT0195,CCNATT0020,Chấm tròn
CCNPOT0195,CCNATT0021,"15cm (ngang) – 13.5cm (cao)
12,5cm (ngang) – 11cm (cao)
8cm (ngang) – 7cm (cao)"
CCNPOT0196,CCNATT0013,Đất nung
CCNPOT0196,CCNATT0009,Đỏ gạch / Vàng / Hồng đào / Tím Pastel
CCNPOT0196,CCNATT0020,Vỏ sò
CCNPOT0196,CCNATT0021,18cm (ngang) – 16cm (cao)
CCNPOT0197,CCNATT0013,Nhựa dẻo cao cấp
CCNPOT0197,CCNATT0009,Xanh đen
CCNPOT0197,CCNATT0022,"• Kích thước: 15.9 x 12.8 x 2.5 (cm)
• Trọng lượng: 27 (g)"
CCNPOT0197,CCNATT0023,"• Kích thước: 23.6 x 19.5 x 3.5 (cm)
• Trọng lượng: 83 (g)"
CCNPOT0197,CCNATT0024,"• Kích thước: 23.6 x 22 x 3.9 (cm)
• Trọng lượng: 112 (g)"
CCNPOT0197,CCNATT0025,"• Kích thước: 36cm x 30.5cm x 4cm
• Trọng lượng: 196g"
CCNPOT0198,CCNATT0013,Nhựa dẻo cao cấp
CCNPOT0198,CCNATT0009,Xanh tự nhiên
CCNPOT0198,CCNATT0022,"• Kích thước: 15.9 x 12.8 x 2.5 (cm)
• Trọng lượng: 27 (g)"
CCNPOT0198,CCNATT0023,"• Kích thước: 23.6 x 19.5 x 3.5 (cm)
• Trọng lượng: 83 (g)"
CCNPOT0198,CCNATT0024,"• Kích thước: 23.6 x 22 x 3.9 (cm)
• Trọng lượng: 112 (g)"
CCNPOT0198,CCNATT0025,"• Kích thước: 36cm x 30.5cm x 4cm
• Trọng lượng: 196g"
CCNPOT0199,CCNATT0013,Nhựa dẻo cao cấp
CCNPOT0199,CCNATT0009,Xanh tự nhiên
CCNPOT0199,CCNATT0026,"• Kích thước: 21.3 x 17.6 x 2.4 (cm)
• Trọng lượng: 62.3 (g)"
CCNPOT0199,CCNATT0027,"• Kích thước: 25.2 x 20.8 x 3 (cm)
• Trọng lượng: 92.8 (g)"
CCNPOT0199,CCNATT0028,"• Kích thước: 29 x 23 x 3.4 (cm)
• Trọng lượng: 136 (g)"
CCNPOT0200,CCNATT0013,Nhựa dẻo cao cấp
CCNPOT0200,CCNATT0009,Xanh tự nhiên
CCNPOT0200,CCNATT0029,24.5 (cm)
CCNPOT0200,CCNATT0030,18.3 (cm)
CCNPOT0200,CCNATT0031,14 (cm)
CCNPOT0200,CCNATT0032,40.5 (cm)
CCNPOT0200,CCNATT0033,196 (g)
CCNPOT0201,CCNATT0013,Nhựa dẻo cao cấp
CCNPOT0201,CCNATT0009,Xanh tự nhiên
CCNPOT0201,CCNATT0029,20.5 (cm)
CCNPOT0201,CCNATT0030,15.5 (cm)
CCNPOT0201,CCNATT0031,13.8 (cm)
CCNPOT0201,CCNATT0032,40.5 (cm)
CCNPOT0201,CCNATT0033,146 (g)
CCNPOT0202,CCNATT0013,Nhựa dẻo cao cấp
CCNPOT0202,CCNATT0009,Xanh tự nhiên
CCNPOT0202,CCNATT0029,16.5 (cm)
CCNPOT0202,CCNATT0030,12.5 (cm)
CCNPOT0202,CCNATT0031,12.8 (cm)
CCNPOT0202,CCNATT0032,37.5 (cm)
CCNPOT0202,CCNATT0033,105 (g)
CCNPOT0203,CCNATT0013,Nhựa dẻo cao cấp
CCNPOT0203,CCNATT0017,410 (g)
CCNPOT0203,CCNATT0009,Đen
CCNPOT0203,CCNATT0002,28x22x31 (cm)
CCNPOT0203,CCNATT0035,19 (lít)
CCNPOT0204,CCNATT0013,Nhựa dẻo cao cấp
CCNPOT0204,CCNATT0017,276 (g)
CCNPOT0204,CCNATT0009,Đen
CCNPOT0204,CCNATT0002,24.5×19.5×26.5 (cm)
CCNPOT0204,CCNATT0035,11.5 (lít)
CCNPOT0205,CCNATT0013,Nhựa dẻo cao cấp
CCNPOT0205,CCNATT0017,84 (g)
CCNPOT0205,CCNATT0009,Đen
CCNPOT0205,CCNATT0002,16×12.8×17.5 (cm)
CCNPOT0205,CCNATT0035,3.8 (lít)
CCNPOT0206,CCNATT0013,Nhựa dẻo cao cấp
CCNPOT0206,CCNATT0017,960 (g)
CCNPOT0206,CCNATT0009,Xanh tự nhiên
CCNPOT0206,CCNATT0002,38×30.5×40.5 (cm)
CCNPOT0206,CCNATT0035,35 (lít)
CCNPOT0207,CCNATT0013,Nhựa dẻo cao cấp
CCNPOT0207,CCNATT0017,410 (g)
CCNPOT0207,CCNATT0009,Xanh tự nhiên
CCNPOT0207,CCNATT0002,28x22x31 (cm)
CCNPOT0207,CCNATT0035,19 (lít)
CCNPOT0208,CCNATT0013,Nhựa dẻo cao cấp
CCNPOT0208,CCNATT0017,276 (g)
CCNPOT0208,CCNATT0009,Xanh tự nhiên
CCNPOT0208,CCNATT0002,24.5×19.5×26.5 (cm)
CCNPOT0208,CCNATT0035,11.5 (lít)
CCNPOT0209,CCNATT0013,Nhựa dẻo cao cấp
CCNPOT0209,CCNATT0017,84 (g)
CCNPOT0209,CCNATT0009,Xanh tự nhiên
CCNPOT0209,CCNATT0002,16×12.8×17.5 (cm)
CCNPOT0209,CCNATT0035,3.8 (lít)
CCNPOT0210,CCNATT0013,Nhựa dẻo cao cấp
CCNPOT0210,CCNATT0017,390 (g)
CCNPOT0210,CCNATT0009,Xanh tự nhiên
CCNPOT0210,CCNATT0002,30x30x22.6 (cm)
CCNPOT0210,CCNATT0035,14 (lít)
CCNPOT0211,CCNATT0013,Nhựa dẻo cao cấp
CCNPOT0211,CCNATT0017,245 (g)
CCNPOT0211,CCNATT0009,Xanh tự nhiên
CCNPOT0211,CCNATT0002,26x26x19.7 (cm)
CCNPOT0211,CCNATT0035,12 (lít)
CCNPOT0212,CCNATT0013,Nhựa dẻo cao cấp
CCNPOT0212,CCNATT0017,169 (g)
CCNPOT0212,CCNATT0009,Xanh tự nhiên
CCNPOT0212,CCNATT0002,22x22x16.7 (cm)
CCNPOT0212,CCNATT0035,7.7 (lít)
CCNPOT0213,CCNATT0013,"Xi măng, đá cẩm thạch"
CCNPOT0213,CCNATT0015,Tấm lưới thủy tinh
CCNPOT0213,CCNATT0016,"• 28×45 (cm)
• 32×55 (cm)
• 36×45 (cm)
• 36×65 (cm)
• 43×65 (cm)"
CCNPOT0213,CCNATT0009,"• Trắng
• Đen
• Xám"
CCNPOT0214,CCNATT0013,"Xi măng, đá cẩm thạch"
CCNPOT0214,CCNATT0015,Tấm lưới thủy tinh
CCNPOT0214,CCNATT0016,"• 25×50 (cm)
• 30×50 (cm)
• 30×60 (cm)
• 35×50 (cm)
• 35×70 (cm)
• 40×80 (cm)"
CCNPOT0214,CCNATT0009,"• Trắng
• Đen
• Xám"
CCNPOT0215,CCNATT0013,"Xi măng, đá cẩm thạch"
CCNPOT0215,CCNATT0015,Tấm lưới thủy tinh
CCNPOT0215,CCNATT0016,"• 30×50 (cm)
• 30×60 (cm)
• 35×60 (cm)
• 40×60 (cm)
• 40×80 (cm)"
CCNPOT0215,CCNATT0009,"• Trắng
• Đen
• Xám"
CCNPOT0216,CCNATT0013,"Xi măng, đá cẩm thạch"
CCNPOT0216,CCNATT0015,Tấm lưới thủy tinh
CCNPOT0216,CCNATT0016,"• 20×20 (cm)
• 25×25 (cm)
• 30×30 (cm)
• 40×40 (cm)
• 50×50 (cm)
• 60×60 (cm)"
CCNPOT0216,CCNATT0009,"• Trắng
• Đen
• Xám"
CCNPOT0217,CCNATT0013,"Xi măng, đá cẩm thạch"
CCNPOT0217,CCNATT0015,Tấm lưới thủy tinh
CCNPOT0217,CCNATT0016,34×34 (cm)
CCNPOT0217,CCNATT0009,"• Trắng
• Đen
• Xám"
CCNPOT0219,CCNATT0013,"Xi măng, đá cẩm thạch"
CCNPOT0219,CCNATT0015,Tấm lưới thủy tinh
CCNPOT0219,CCNATT0016,"• 60x30x30 (cm)
• 70x20x20 (cm)
• 80x30x30 (cm)
• 80x40x40 (cm)
• 100x40x40 (cm)
• 100x50x40 (cm)"
CCNPOT0219,CCNATT0009,"• Trắng
• Đen
• Xám"
CCNPOT0220,CCNATT0013,"Xi măng, đá cẩm thạch"
CCNPOT0220,CCNATT0015,Tấm lưới thủy tinh
CCNPOT0220,CCNATT0016,"• 30×60 (cm)
• 40×100 (cm)"
CCNPOT0220,CCNATT0009,"• Trắng
• Đen
• Xám"
CCNPOT0221,CCNATT0013,Đất nung
CCNPOT0221,CCNATT0009,Nâu đất
CCNPOT0221,CCNATT0020,Hoa cúc
CCNPOT0221,CCNATT0021,21x21cm
