PLANTID,CODE,URL,TIÊU ĐỀ,TÊN KHOA HỌC,TÊN GỌI,TÊN GỌI KHÁC,TÊN TIẾNG ANH,GIÁ,MÔ TẢ,QUY CÁCH SẢN PHẨM,ĐỘ KHÓ,YÊU CẦU ÁNH SÁNG,NHU CẦU NƯỚC,KÍCH THƯỚC CÂY,LOẠI HẠT,CHẤT LIỆU CHẬU,MÀU SẮC,ĐỘ PH CỦA ĐẤT,LỌC KHÔNG KHÍ,TƯỚI NƯỚC,XUẤT XỨ,NGƯỜI LAI TẠO,ĐẶC TÍNH PHÁT TRIỂN,KÍCH CỠ BÔNG,KIỂU CÁNH,MÙI HƯƠNG,ĐỘ LẶP,ĐỘ BỀN HOA,ĐỘ THOÁT NƯỚC,NƠI ĐỂ TRỒNG,LƯỢNG NẮNG CẦN THIẾT,KHẢ NĂNG KHÁNG BỆNH,YÊU CẦU CHĂM SÓC,HỌ THỰC VẬT,CHIỀU CAO,ĐƯỜNG KÍNH GỐC,HỌ,ĐƯỜNG KÍNH THÂN
CCNPLT0718,ROSE012,https://mowgarden.com/hoa-hong-ngoai-carey-mau-hong-size-nho-rose012/,Hoa hồng ngoại Carey màu hồng size nhỏ ROSE012,,Carey,,,150000,,,,,,Chiều cao 60 – 80 cm,,,Trắng phớt,,,,Vương Quốc Anh,David Austin,Thân leo,6 – 10 cm (khí hậu nóng),Cánh kép,Hương hoa hồng cổ điển,5 – 7 tuần/lứa,5 – 7 ngày,Yêu cầu thoát nước tốt,"Vị trí có nhiều nắng, thoáng gió",6 – 8 giờ nắng,Kháng bệnh tốt,Dễ chăm sóc,,,,,
CCNPLT0719,ROSE011,https://mowgarden.com/hoa-hong-leo-herzogin-mau-trang-phot-size-nho-rose011/,Hoa hồng leo Herzogin màu trắng phớt size nhỏ ROSE011,,Herzogin,,,150000,,,,,,Chiều cao 60 – 80 cm,,,Trắng phớt,,,,Vương Quốc Anh,David Austin,Thân leo,5 – 8 cm (khí hậu nóng),Cánh kép,Hương hoa hồng cổ điển,5 – 7 tuần/lứa,5 – 7 ngày,Yêu cầu thoát nước tốt,"Vị trí có nhiều nắng, thoáng gió",6 – 8 giờ nắng,Kháng bệnh tốt,Dễ chăm sóc,,,,,
CCNPLT0720,ROSE010,https://mowgarden.com/hoa-hong-leo-crown-princess-margareta-size-nho-rose010/,Hoa hồng leo Crown Princess Margareta size nhỏ ROSE010,,Crown Princess Margareta,,,150000,,,,,,Chiều cao 60 – 80 cm,,,Màu cam cá hồi,,,,Vương Quốc Anh,David Austin,Thân leo,5 – 8 cm (khí hậu nóng),Cánh kép,Hương hoa hồng cổ điển,5 – 7 tuần/lứa,5 – 7 ngày,Yêu cầu thoát nước tốt,"Vị trí có nhiều nắng, thoáng gió",6 – 8 giờ nắng,Kháng bệnh tốt,Dễ chăm sóc,,,,,
CCNPLT0721,ROSE009,https://mowgarden.com/hoa-hong-leo-lady-of-shalott-form-cup-size-nho-rose009/,Hoa hồng leo Lady of Shalott form cúp size nhỏ ROSE009,,Lady of Shalott,,,150000,,,,,,Chiều cao 60 – 80 cm,,,Màu cam cá hồi,,,,Vương Quốc Anh,David Austin,Thân leo,5 – 8 cm (khí hậu nóng),Cánh kép,Hương hoa hồng cổ điển,5 – 7 tuần/lứa,3 – 4 ngày,Yêu cầu thoát nước tốt,"Vị trí có nhiều nắng, thoáng gió",6 – 8 giờ nắng,Kháng bệnh tốt,Dễ chăm sóc,,,,,
CCNPLT0722,ROSE008,https://mowgarden.com/cay-hoa-hong-leo-red-eden-form-cup-size-nho-rose008/,Cây hoa hồng leo Red Eden form cúp size nhỏ ROSE008,,Red Eden,,,150000,,,,,,Chiều cao 60 – 80 cm,,,Màu đỏ đậm,,,,Vương Quốc Anh,David Austin,Thân leo,5 – 8 cm (khí hậu nóng),Cánh kép,Ít thơm,5 – 7 tuần/lứa,5 – 12 ngày,Yêu cầu thoát nước tốt,"Vị trí có nhiều nắng, thoáng gió",6 – 8 giờ nắng,Kháng bệnh tốt,Dễ chăm sóc,,,,,
CCNPLT0723,ROSE007,https://mowgarden.com/cay-hoa-hong-ngoai-double-delight-rat-thom-size-nho-rose007/,Cây hoa hồng ngoài Double Delight rất thơm size nhỏ ROSE007,,Double Delight,,,150000,,,,,,Chiều cao 40 – 50 cm,,,Màu hồng cánh sen,,,,Hoa Kỳ,A.E & A.W.Ellis,Thân leo,5 – 8 cm (khí hậu nóng),Cánh kép,Hương hoa hồng cổ điển,5 – 7 tuần/lứa,3 – 5 ngày,Yêu cầu thoát nước tốt,"Vị trí có nhiều nắng, thoáng gió",6 – 8 giờ nắng,Kháng bệnh tốt,Dễ chăm sóc,,,,,
CCNPLT0724,ROSE006,https://mowgarden.com/cay-hoa-hong-leo-golden-celebration-size-nho-rose006/,Cây hoa hồng leo Golden Celebration size nhỏ ROSE006,,Golden Celebration,,,150000,,,,,,Chiều cao 60 – 80 cm,,,Màu hồng cánh sen,,,,Anh Quốc,David Austin,Thân leo,5 – 12 cm,Cánh kép (17 – 50 cánh hoa),Ít thơm,5 – 7 tuần/lứa,3 – 5 ngày,Yêu cầu thoát nước tốt,"Vị trí có nhiều nắng, thoáng gió",6 – 8 giờ nắng,Kháng bệnh tốt,Dễ chăm sóc,,,,,
CCNPLT0725,BGNB001,https://mowgarden.com/cay-bong-giay-sakura-nguyen-ban-chau-uom-bgnb001/,Cây bông giấy Sakura nguyên bản chậu ươm BGNB001,,,Cây bông giấy Sakura Nhật,,320000,"Cây hoa giấy loài cây này có sức rống rất tốt, phù hợp với khí hậu của Việt nam, chịu hạn rất tốt, sức sống bền bỉ và dễ chăm sóc. Bông giấy Thái bonsai có dáng gọn gàng phù hợp đặt trên ban công, sân thượng hoặc trưng ngoài vườn giúp không gian trở nên sinh động hơn.",,Dễ chăm sóc,Nắng trực tiếp,Tưới nước 1 lần/ngày,Chiều cao 60 – 80 cm,,,,,,,,,,,,,,,,,,,,,,,,
CCNPLT0726,BGTL003,https://mowgarden.com/cay-bong-giay-thai-dang-bonsai-mau-do-chau-uom-bgtl003/,Cây bông giấy Thái dáng bonsai màu đỏ chậu ươm BGTL003,,,Cây bông giấy Thái,,320000,"Cây hoa giấy Thái bonsai được nghệ tạo dáng thân uốn lượn độc đáo và đẹp mắt. Loài cây này có sức rống rất tốt, phù hợp với khí hậu của Việt nam, chịu hạn rất tốt, sức sống bền bỉ và dễ chăm sóc. Bông giấy Thái bonsai có dáng gọn gàng phù hợp đặt trên ban công, sân thượng hoặc trưng ngoài vườn giúp không gian trở nên sinh động hơn.",,Dễ chăm sóc,Nắng trực tiếp,Tưới nước 1 lần/ngày,Chiều cao 80 – 100 cm,,,,,,,,,,,,,,,,,,,,,,,,
CCNPLT0727,LORO001,https://mowgarden.com/cay-hoa-hong-phung-chau-uom-loro001/,Cây hoa hồng phụng chậu ươm LORO001,Loropetalum chinense,Cây hồng phụng,,,180000,"Cây hồng phụng (Loropetalum chinense) là một loài thực vật có hoa trong họ Hamamelidaceae. Loài cây này có những bông hoa màu hồng nổi bật, mỗi khi nở rộ rất rực rỡ. Những bông hoa này tồn tại trong một vài tuần. Chúng thích hợp trồng bồn hoa, ban công, trang trí sân vườn, lối đi sân vườn,…",Chiều cao tổng: 90 – 120 cm,Dễ chăm sóc,Nắng trực tiếp 6 – 8h/ngày,Tưới nước mỗi ngày,,,,,,,,,,,,,,,,,,,,,,,,,
CCNPLT0728,PEBA001,https://mowgarden.com/cay-hoa-lan-hoang-duong-chau-uom-peba001/,Cây hoa lan hoàng dương chậu ươm PEBA001,Petraeovitex bambusetorum,Cây lan hoàng dương,,,180000,"Cây hoa lan hoàng dương là dòng cây thân leo, có hoa màu vàng rực rỡ, buông rủ như những tầm rèm vàng đẹp mắt. Chúng thường được trồng để phủ xanh không gian giống, thích hợp cho việc trồng trong chậu treo hoặc trồng bồn trên ban công.",Chiều cao tổng: 90 – 120 cm,Dễ chăm sóc,Nắng trực tiếp 6 – 8h/ngày,Tưới nước mỗi ngày,,,,,,,,,,,,,,,,,,,,,,,,,
CCNPLT0729,MURA002,https://mowgarden.com/cay-hoa-nguyet-que-dang-tree-chau-uom-mura002/,Cây hoa nguyệt quế dáng tree chậu ươm MURA002,Murraya paniculata,Cây nguyệt quế,,,650000,"Cây hoa nguyệt quế loại cây trồng hàng rào rất phổ biến bởi nó có sức sống rất mãnh liệt, không cần tốn nhiều công chăm sóc mà vẫn xanh tốt. Cây ắc ó thuộc loại thân gỗ lớn, sống lâu năm, có hoa rất thơm.",Chiều cao 120 – 140 cm,Rất dễ chăm sóc,Nắng tán xạ,"Ít nước, 2 – 3 lần/tuần",,,,,,,,,,,,,,,,,,,,,,,,,
CCNPLT0730,BGTL002,https://mowgarden.com/cay-bong-giay-thai-lan-mau-trang-chau-uom-bgtl002/,Cây bông giấy Thái Lan màu trắng chậu ươm BGTL002,,,Cây bông giấy Thái,,280000,"Cây hoa giấy Thái rất thích hợp với khí hậu tại VN, nó là loại cây ưa nắng ấm, cần nhiều ánh sáng.",,Dễ chăm sóc,Nắng trực tiếp,Tưới nước 1 lần/ngày,Chiều cao 80 – 100 cm,,,,,,,,,,,,,,,,,,,,,,,,
CCNPLT0731,BAMBU003,https://mowgarden.com/cay-tre-vang-bambusa-vulgaris/,Cây tre vàng Bambusa vulgaris,Bambusa vulgaris,,Tre vàng,,120000,"Tre Vàng là một loại cây ngoại cảnh được trồng thành khóm để trang trí sân vườn, hàng rào, sát tường hoặc dọc lối đi vào nhà giúp tạo không gian xanh mát, tô điểm thêm cho ngôi nhà và mang những ý nghĩa tốt đẹp trong phong thủy.","• Số lượng: 1 thân/bụi
• Chiều cao: 180 – 220 cm",Rất dễ chăm sóc,Nắng trực tiếp hoặc gián tiếp,Tưới nước mỗi ngày,,,,,,,,,,,,,,,,,,,,,,,,,
CCNPLT0732,,https://mowgarden.com/cay-truc-can-cau-phyllostachys-aurea/,Cây trúc cần câu Phyllostachys aurea,Phyllostachys aurea,,Trúc cần câu,,150000,"Trúc Cần Câu là một loại cây ngoại cảnh được trồng thành khóm để trang trí sân vườn, hàng rào, sát tường hoặc dọc lối đi vào nhà giúp tạo không gian xanh mát, tô điểm thêm cho ngôi nhà và mang những ý nghĩa tốt đẹp trong phong thủy.","• Số lượng: 5 8 thân/bụi
• Chiều cao: 180 – 220 cm",Rất dễ chăm sóc,Nắng trực tiếp hoặc gián tiếp,Tưới nước mỗi ngày,,,,,,,,,,,,,,,,,,,,,,,,,
CCNPLT0733,HCMX002,https://mowgarden.com/chau-hoa-cuc-mam-xoi-trang-tri-xot-nhua-hcmx002/,Chậu hoa cúc mâm xôi trang trí xọt nhựa HCMX002,Chrysanthemum morifolium,Hoa cúc mâm xôi,,,160000,"Cúc mâm xôi là một trong các loài hoa không thể thiếu vào dịp Tết cổ truyền. Chậu cúc mâm xôi có hình dáng tỏa ra theo dạng hình cầu, mang ý nghĩa vẹn tròn, cho một năm mới xuôn sẻ. Với màu vàng được xem là màu của sung túc, đầm ấm và nhiều tài lộc hơn. Do đó, người ta thường tặng cả cặp làm quà tặng cho ông bà, cha mẹ hoặc quý đối tác.","• Đường kính tán: 40cm (DxC)
• Chiều cao tổng: 40 – 50 cm",Dễ chăm sóc,"Nắng tán xạ, chịu được nắng trực tiếp",Tưới nước 1 lần/ngày,,,,,,,,,,,,,,,,,,,,,,,,,
CCNPLT0734,,https://mowgarden.com/cay-tra-do/,Cây Trà đỏ chậu đất nung họa tiết hoa cúc Camellia Japonica,Camellia Japonica,Trà hoa đỏ,,,850000,,Chiều cao tổng: 80cm,Dễ chăm sóc,"Nắng tán xạ, chịu được nắng trực tiếp",Tưới nước 4 – 5 lần/tuần,,,,,,,,,,,,,,,,,,,,,,,,,
CCNPLT0735,,https://mowgarden.com/cay-hai-duong-chau-su-trang-co-hoa-tiet-camellia-amplexicaulis-came001/,Cây Hải đường chậu sứ trắng có họa tiết Camellia amplexicaulis CAME001,Camellia amplexicaulis,Hải Đường,,,1050000,"Hàng năm, cứ dịp tết đến xuân sang, cây hoa hải đường lại được nhiều gia đình lựa chọn đặt ở vị trí trang trọng của nhà mình. Mỗi bông hoa đỏ thắm, rực rỡ và tươi tắn như chào đón mùa xuân và hứa hẹn một năm mới nhiều điều may mắn, an lành","• Đường kính tán: 70cm
• Chiều cao tổng: 130–140cm",Dễ chăm sóc,"Nắng tán xạ, chịu được nắng trực tiếp",Tưới nước 4 – 5 lần/tuần,,,,,,,,,,,,,,,,,,,,,,,,,
CCNPLT0736,ROSE005,https://mowgarden.com/cay-hoa-hong-co-sapa-dang-treerose-chau-nhua-rose005/,Cây hoa hồng cổ Sapa dáng treerose nguyên bản chậu nhựa ROSE005,,Hoa hồng cổ Sapa,,,750000,,,,,,Chiều cao 80 – 120 cm,,,Màu hồng cánh sen,,,,Pháp,Chưa xác định,Thân bụi,5 – 12 cm,Cánh kép (17 – 50 cánh hoa),Ít thơm,5 – 7 tuần/lứa,3 – 5 ngày,Yêu cầu thoát nước tốt,"Vị trí có nhiều nắng, thoáng gió",6 – 8 giờ nắng,Kháng bệnh tốt,Dễ chăm sóc,,,,,
CCNPLT0737,ROSE004,https://mowgarden.com/cay-hoa-hong-molinuex-dang-treerose-chau-nhua-rose004/,Cây hoa hồng Molinuex dáng treerose chậu nhựa ROSE004,,Molinuex rose,,,850000,,,,,,Chiều cao 80 – 120 cm,,,"Màu vàng nhạt, cam quả mơ",,,,Anh,David Austin (2004),Thân bụi cao,5 – 12 cm,Cánh kép (+25 cánh hoa),Hương trái cây dịu ngọt,4 – 5 tuần/lứa,3 – 5 ngày,Yêu cầu thoát nước tốt,"Vị trí có nhiều nắng, thoáng gió",6 – 8 giờ nắng,Kháng bệnh tốt,Dễ chăm sóc,,,,,
CCNPLT0738,ROSE003,https://mowgarden.com/cay-hoa-hong-leo-soeur-emmanuelle-chau-da-mai-rose003/,Cây hoa hồng leo Soeur Emmanuelle chậu đá mài ROSE003,,Soeur Emmanuelle rose / Chant rose Misato,,,800000,,,,,,Chiều cao 80 – 120 cm,,,Màu hồng cánh sen hoặc hơi tím hoa cà,,,,Pháp,G. Delbard (2004),"Thân bụi cao, có thể uốn thân cây, đào tạo thành hoa hồng leo",7 – 12 cm,Cánh kép (+50 cánh hoa),Hương nước hoa dịu ngọt,4 – 6 tuần/lứa,5 – 7 ngày,Yêu cầu thoát nước tốt,"Vị trí có nhiều nắng, thoáng gió",6 – 8 giờ nắng,Kháng bệnh tốt,Dễ chăm sóc,,,,,
CCNPLT0739,ROSE002,https://mowgarden.com/cay-hoa-hong-leo-soeur-emmanuelle-chau-nhua-tu-quy-rose002/,Cây hoa hồng leo Soeur Emmanuelle chậu nhựa tứ quý ROSE002,,Soeur Emmanuelle rose / Chant rose Misato,,,480000,,,,,,Chiều cao 80 – 120 cm,,,Màu hồng cánh sen hoặc hơi tím hoa cà,,,,Pháp,G. Delbard (2004),"Thân bụi cao, có thể uốn thân cây, đào tạo thành hoa hồng leo",7 – 12 cm,Cánh kép (+50 cánh hoa),Hương nước hoa dịu ngọt,4 – 6 tuần/lứa,5 – 7 ngày,Yêu cầu thoát nước tốt,"Vị trí có nhiều nắng, thoáng gió",6 – 8 giờ nắng,Kháng bệnh tốt,Dễ chăm sóc,,,,,
CCNPLT0740,ROSE002,https://mowgarden.com/cay-hoa-hong-leo-soeur-emmanuelle-chau-uom-co-trung-rose001/,Cây hoa hồng leo Soeur Emmanuelle chậu nhựa tứ quý ROSE002,,Soeur Emmanuelle rose / Chant rose Misato,,,480000,,,,,,Chiều cao 80 – 120 cm,,,Màu hồng cánh sen hoặc hơi tím hoa cà,,,,Pháp,G. Delbard (2004),"Thân bụi cao, có thể uốn thân cây, đào tạo thành hoa hồng leo",7 – 12 cm,Cánh kép (+50 cánh hoa),Hương nước hoa dịu ngọt,4 – 6 tuần/lứa,5 – 7 ngày,Yêu cầu thoát nước tốt,"Vị trí có nhiều nắng, thoáng gió",6 – 8 giờ nắng,Kháng bệnh tốt,Dễ chăm sóc,,,,,
CCNPLT0741,HCMX001,https://mowgarden.com/chau-hoa-cuc-mam-xoi-trung-tet-co-lon-trang-tri-xot-tre-hcmx001/,Chậu hoa cúc mâm xôi trưng Tết cỡ lớn trang trí xọt tre HCMX001,Chrysanthemum morifolium,Hoa cúc mâm xôi,,,380000,"Cúc mâm xôi là một trong các loài hoa không thể thiếu vào dịp Tết cổ truyền. Chậu cúc mâm xôi có hình dáng tỏa ra theo dạng hình cầu, mang ý nghĩa vẹn tròn, cho một năm mới xuôn sẻ. Với màu vàng được xem là màu của sung túc, đầm ấm và nhiều tài lộc hơn. Do đó, người ta thường tặng cả cặp làm quà tặng cho ông bà, cha mẹ hoặc quý đối tác.","• Đường kính tán: 40cm (DxC)
• Chiều cao tổng: 50 – 55cm",Dễ chăm sóc,"Nắng tán xạ, chịu được nắng trực tiếp",Tưới nước 4 – 5 lần/tuần,,,,,,,,,,,,,,,,,,,,,,,,,
CCNPLT0742,ELAS005,https://mowgarden.com/cay-da-bup-do-chau-dat-nung-heli001/,Cây đa búp đỏ chậu đất nung ELAS005,Ficus elastica,Đa búp đỏ,,,440000,"Đa Búp Đỏ là loại cây có sức sống mãnh liệt, nó tượng trưng sự vươn lên mạnh mẽ, trường tồn và hạnh phúc. Không chỉ mang lại điểm nhấn xanh cho không gian sống, Đa Búp Đỏ còn còn mang lại ý nghĩa rất tốt trong phong thủy, giúp gia đình hòa thuận, mọi việc thuận lợi.",Chiều cao: 80 – 100 cm,Dễ chăm sóc,Nắng tán xạ / Râm mát,Tưới nước 2 – 3 lần/tuần,,,,,,,,,,,,,,,,,,,,,,,,,
CCNPLT0743,HELI001,https://mowgarden.com/cay-chuoi-mo-ket-cam-thach-chau-uom-heli001/,Cây chuối mỏ két cẩm thạch chậu ươm HELI001,Heliconia Psittacorum Variegated ‘Lady Di’,Cây chuối mỏ két đỏ / Thiên điểu cẩm thạch,,,110000,"Chuối mỏ két cẩm thạch là loài cây nhiệt đới có hoa và bộ lá tươi sáng, thích hợp trồng trang trí sân vườn, ban công hoặc sân thượng. Loài cây này có đặc điểm sống trong râm mát nên cũng có thể đặt trang trí trong nhà rất đẹp mắt.",Chiều cao: 50 – 70 cm,Dễ chăm sóc,Nắng tán xạ / Râm mát,Tưới nước 2 – 3 lần/tuần,,,,,,,,,,,,,,,,,,,,,,,,,
CCNPLT0744,BUBU006,https://mowgarden.com/cay-bang-dai-loan-cam-thach-chau-dat-nung-bubu006/,Cây bàng đài loan cẩm thạch chậu đất nung BUBU006,Bucida buceras Variegated,,Bàng Đài Loan cẩm thạch,,750000,"Bàng Đài Loan cẩm thạch có lá nhỏ xinh và sắc xanh, viền trắng hồng rất khác biệt và nổi bật, giúp không gian trở nên độc đáo và sang trọng","• Kích thước chậu: 30x32cm (DxC)
• Chiều cao tổng: 80 – 100 cm",Dễ chăm sóc,Nắng tán xạ / Nắng trực tiếp,Tưới nước 2 – 3 lần/tuần,,,,,,,,,,,,,,,,,,,,,,,,,
CCNPLT0745,BUBU001,https://mowgarden.com/cay-bang-dai-loan-cam-thach-chau-uom-bubu001/,Cây bàng đài loan cẩm thạch chậu ươm BUBU001,Bucida buceras Variegated,,Bàng Đài Loan cẩm thạch,,340000,"Bàng Đài Loan cẩm thạch có lá nhỏ xinh và sắc xanh, viền trắng hồng rất khác biệt và nổi bật, giúp không gian trở nên độc đáo và sang trọng",Chiều cao 80 – 100 cm,Dễ chăm sóc,Nắng tán xạ / Nắng trực tiếp,Tưới nước 2 – 3 lần/tuần,,,,,,,,,,,,,,,,,,,,,,,,,
CCNPLT0746,ROSM002,https://mowgarden.com/cay-huong-thao-co-trung-chau-uom-rosm002/,Cây hương thảo cỡ trung chậu ươm ROSM002,Rosmarinus officinalis,Cây hương thảo,,,90000,"Không chỉ có tác dụng trang trí cho góc ban công mà cây hương thảo còn là một loại cây thảo mộc giúp gia tăng hương vị cho món ăn. Cây hương thảo cũng có nhiều tác dụng đối với sức khỏe con người như giải nhiệt, lợi tiểu, giảm sưng viêm, hỗ trợ tiêu hóa, có hương thơm giúp tinh thần thoải mái.",Chiều cao 40 – 45 cm,Trung bình,Nắng trực tiếp,Tưới nước hằng ngày,,,,,,,,,,,,,,,,,,,,,,,,,
CCNPLT0747,LAMA003,https://mowgarden.com/cay-mon-ngua-van-alocasia-sarian-chau-uom-alsa001/,Cây cô tòng lá vàng ‘Croton Gold’ chậu ươm LAMA003,Croton Gold Dust,Cây cô tòng vàng,,,65000,"Cô tòng vàng sở hữu bộ lá vàng tươi rực rỡ, chúng thường được trồng trang trí cho bồn hoa, ban công hoặc trước hiên nhà. Loại cây này đôi lúc được trồng trong nhà, nhưng đòi hỏi phải trồng nơi có nhiều ánh sáng, gần cửa sổ.",Chiều cao 60 – 70 cm,Dễ chăm sóc,"Nắng tán xạ, chịu được nắng trực tiếp",Tưới nước hằng ngày,,,,,,,,,,,,,,,,,,,,,,,,,
CCNPLT0748,YUCA001,https://mowgarden.com/cay-dua-diep-tien-yucca-silver-chau-uom-yuca001/,Cây dứa diệp tiễn ‘Yucca Silver’ chậu ươm YUCA001,Yucca silver,,Cây dứa diệp tiễn / Thùa bạc,,120000,"Cô tòng đuôi lươn sở hữu bộ lá nhiều màu sắc rực rỡ, cùng những đường viền hoa văn độc đáo, chúngthường được trồng trang trí cho bồn hoa, ban công hoặc trước hiên nhà. Loại cây này đôi lúc được trồng trong nhà, nhưng đòi hỏi phải trồng nơi có nhiều ánh sáng, gần cửa sổ.","• Kích thước tán: 35 – 40cm
• Chiều cao: 35 – 40cm",Dễ chăm sóc,Nắng tán xạ / Nơi râm mát,Tưới nước 2 – 3 lần/tuần,,,,,,,,,,,,,,,,,,,,,,,,,
CCNPLT0749,LAMA002,https://mowgarden.com/cay-co-tong-duoi-luon-croton-petra-chau-uom-lama002/,Cây cô tòng đuôi lươn ‘Croton Captain Kidd’ chậu ươm LAMA002,Codiaeum variegatum,,Cây cô tòng đuôi lươn,,65000,"Cô tòng đuôi lươn sở hữu bộ lá nhiều màu sắc rực rỡ, cùng những đường viền hoa văn độc đáo, chúng thường được trồng trang trí cho bồn hoa, ban công hoặc trước hiên nhà. Loại cây này đôi lúc được trồng trong nhà, nhưng đòi hỏi phải trồng nơi có nhiều ánh sáng, gần cửa sổ.","• Kích thước tán: 30 – 40cm
• Chiều cao: 40 – 50 cm",Dễ chăm sóc,Nắng trực tiếp / Nắng tán xạ,"• Ngoài trời: Tưới nước hằng ngày
• Trong nhà: 3 – 4 lần/tuần",,,,,,,,,,,,,,,,,,,,,,,,,
CCNPLT0750,LAMA001,https://mowgarden.com/cay-co-tong-la-mit-chau-uom-lama001/,Cây cô tòng lá mít ‘Croton Petra’ chậu ươm LAMA001,Codiaeum variegatum ‘Petra’,,Cây cô tòng lá mít,,160000,"Cô tòng lá mít là loại có thể trồng được cả trong nhà lẫn ngoài trời. Với tán lá rực rỡ nhiều màu sắc như xanh lá, vàng, đỏ và cam, sẽ là một lựa chọn tuyệt vời để trang hoàng cho ngôi nhà thêm sinh động hơn.","• Kích thước tán: 30cm
• Chiều cao: 30 – 40 cm",Dễ chăm sóc,Nắng trực tiếp / Nắng tán xạ,"• Ngoài trời: Tưới nước hằng ngày
• Trong nhà: 3 – 4 lần/tuần",,,,,,,,,,,,,,,,,,,,,,,,,
CCNPLT0751,FRUI023,https://mowgarden.com/cay-oi-le-chau-uom-frui023/,Cây ổi lê chậu ươm FRUI023,,,Cây ổi lê,,280000,"Cây ổi lê giòn giòn thơm ngon, vị ngọt mát, cùi dầy, rất ít hạt và hạt mềm, quả to trung bình 3 quả/kg. Cây rất dễ trồng, không kén đất và có thời gian cho trái sớm với tỷ lệ đậu trái cao, cho thu hoạch quanh năm.",,Dễ chăm sóc,Nắng trực tiếp,Tưới nước 1 lần/ngày,Chiều cao 80 – 100 cm,,,,,,,,,,,,,,,,,,,,,,,,
CCNPLT0752,ccv001,https://mowgarden.com/cay-chuong-vang-chau-uom-ccv001/,Cây chuông vàng chậu ươm CCV001,,,Chuông vàng,,220000,"Cây chuông vàng rất thích hợp với khí hậu tại VN, nó là loại cây ưa nắng ấm, cần nhiều ánh sáng.",,Dễ chăm sóc,Nắng trực tiếp,Tưới nước 1 lần/ngày,Chiều cao 100 – 120 cm,,,,,,,,,,,,,,,,,,,,,,,,
CCNPLT0753,frui022,https://mowgarden.com/cay-la-voi-chau-uom-frui022/,Cây lá vối chậu ươm FRUI022,,,Lá vối,,200000,"Gốc to, cây ổn định, có thể dùng nấu nước uống thanh lọc cơ thể doctor Thanh.",,Rất dễ chăm sóc,Nắng trực tiếp,Tưới nước 1 lần/ngày,Chiều cao 80 – 100 cm,,,,,,,,,,,,,,,,,,,,,,,,
CCNPLT0754,cbg001,https://mowgarden.com/cay-bong-giay-chau-uom-cbg001/,Cây bông giấy chậu ươm CBG001,,,Cây hoa giấy,,280000,"Cây hoa giấy rất thích hợp với khí hậu tại VN, nó là loại cây ưa nắng ấm, cần nhiều ánh sáng.",,Dễ chăm sóc,Nắng trực tiếp,Tưới nước 1 lần/ngày,Chiều cao 100 – 120 cm,,,,,,,,,,,,,,,,,,,,,,,,
CCNPLT0755,frui021,https://mowgarden.com/cay-nho-xanh-chau-uom-frui021/,Cây nho xanh chậu ươm FRUI021,,,Nho xanh,,280000,"Gốc to, cây ổn định, có thể che mát, sớm ra trái",,Rất dễ chăm sóc,Nắng trực tiếp,Tưới nước 1 lần/ngày,Chiều cao 90 – 100 cm,,,,,,,,,,,,,,,,,,,,,,,,
CCNPLT0756,frui020,https://mowgarden.com/cay-luu-ta-do-chau-uom-frui020/,Cây lựu ta đỏ chậu ươm FRUI020,,,Lựu ta đỏ,,160000,"Những quả lựu căng đỏ tựa như những chiếc lồng đèn mang lại cho gia chủ sự may mắn, tài lộc trong cuộc sống.",,Rất dễ chăm sóc,Nắng trực tiếp,Tưới nước 1 lần/ngày,Chiều cao 40 – 50 cm,,,,,,,,,,,,,,,,,,,,,,,,
CCNPLT0757,frui019,https://mowgarden.com/cay-ot-xiem-xanh-chau-uom-frui019/,Cây ớt xiêm xanh chậu ươm FRUI019,,,Ớt xiêm xanh,,140000,Ai thích ăn cay không thể bỏ qua chỉ cần trồng 1 cây thôi ăn hoài không hết.,,Rất dễ chăm sóc,Nắng trực tiếp,Tưới nước 1 lần/ngày,Chiều cao 70 – 80 cm,,,,,,,,,,,,,,,,,,,,,,,,
CCNPLT0758,,https://mowgarden.com/cay-chum-ruot-chau-uom-frui018/,Cây chùm ruột chậu ươm FRUI018,,,Chùm ruột,,280000,"Giống cây đang được rất nhiều người biết đến, đặc biệt cây thích nghi được tất cả khí hậu vùng miền.",,Rất dễ chăm sóc,Nắng trực tiếp,Tưới nước 1 lần/ngày,Chiều cao 120 – 130 cm,,,,,,,,,,,,,,,,,,,,,,,,
CCNPLT0759,frui017,https://mowgarden.com/cay-luu-an-do-chau-uom-frui017/,Cây lựu Ấn Độ chậu ươm FRUI017,,,Lựu đỏ Ấn Độ,,280000,"Vỏ trái màu đỏ toàn phần. Hạt màu đỏ thẩm. Độ ngọt cao, ổn định, thơm ngon, và giàu dinh dưỡng.",,Rất dễ chăm sóc,Nắng trực tiếp,Tưới nước 1 lần/ngày,Chiều cao 60 – 70 cm,,,,,,,,,,,,,,,,,,,,,,,,
CCNPLT0760,FRUI016,https://mowgarden.com/cay-nho-than-go-12-vu-chau-uom-frui016/,Cây nho thân gỗ 12 vụ chậu ươm FRUI016,,,Cây nho thân gỗ 12 vụ,,250000,"Nho thân gỗ có trái màu đỏ, vị ngọt thanh mát, nhiều nước. Có thể dùng ăn sống hoặc dùng làm mứt hoặc để lên men làm rượu, còn trái khô có thể dùng để chữa bệnh hen và tiêu chảy.",,Dễ chăm sóc,Nắng trực tiếp,Tưới nước 1 lần/ngày,Chiều cao 20 – 30 cm,,,,,,,,,,,,,,,,,,,,,,,,
CCNPLT0761,FRUI015,https://mowgarden.com/cay-oi-ruot-do-tan-chau-chau-uom-frui015/,Cây ổi ruột đỏ Tân Châu chậu ươm FRUI015,,,Cây ruột đỏ Tân Châu,,220000,"Ổi ruột đỏ Tân Châu rất giàu chất dinh dưỡng, đặc biệt là vitamin C giúp tăng cường sức đề kháng, hỗ trợ giảm cân và làm đẹp da, khi chín có ruột đỏ hồng vô cùng bắt mắt, ruột đặc rất ít hạt, khi ăn rất giòn, thơm và ngọt.",,Dễ chăm sóc,Nắng trực tiếp,Tưới nước 1 lần/ngày,Chiều cao 60 – 80 cm,,,,,,,,,,,,,,,,,,,,,,,,
CCNPLT0762,FRUI014,https://mowgarden.com/cay-oi-tim-malaysia-chau-uom-frui014/,Cây ổi tím Malaysia chậu ươm FRUI014,,,Cây ổi tím Malaysia,,180000,"Trái ổi tím Malaysia khi chín phần ruột sẽ mềm, có hạt, vị ngọt thanh và có hương thơm đặc trưng. Ngoài việc trồng để ăn trái ra thì giống ổi tím còn được trồng để trang trí cảnh quan, do màu lá bắt mắt.",,Dễ chăm sóc,Nắng trực tiếp,Tưới nước 1 lần/ngày,Chiều cao 40 – 60 cm,,,,,,,,,,,,,,,,,,,,,,,,
CCNPLT0763,FRUI013,https://mowgarden.com/cay-chanh-bac-chau-uom-frui013/,Cây chanh bắc chậu ươm FRUI013,,,Cây chanh bắc,,140000,"Cây chanh bắc có quả không lớn, nhưng lại rất sai quả và lá được sử dụng làm gia vị quen thuộc trong gia đình Việt. Cây chanh bắc rất được ưa chuông để trồng sân vườn, sân thượng và ban công.",,Dễ chăm sóc,Nắng trực tiếp,Tưới nước 1 lần/ngày,Chiều cao 40 – 60 cm,,,,,,,,,,,,,,,,,,,,,,,,
CCNPLT0764,FRUI011,https://mowgarden.com/cay-cherry-brazil-chau-uom-frui011/,Cây cherry Brazil chậu ươm FRUI011,,,Cây cherry Brazil,,280000,"Cây cherry Brazil là loại cherry nhiệt đới phù hợp với khí hậu tại Việt Nam. Cây được ưa chuộng trồng để trang trí sân vườn, sân thượng… nó loại cây có quả nhỏ, ngọt và giàu Vitamin.",,Dễ chăm sóc,Nắng trực tiếp,Tưới nước 1 lần/ngày,Chiều cao 40 – 60 cm,,,,,,,,,,,,,,,,,,,,,,,,
CCNPLT0765,BGTL001,https://mowgarden.com/cay-bong-giay-thai-ghep-mix-mau-chau-uom-bgtl001/,Cây bông giấy thái ghép mix màu chậu ươm BGTL001,,,Cây bông giấy Thái,,480000,"Cây hoa giấy Thái rất thích hợp với khí hậu tại VN, nó là loại cây ưa nắng ấm, cần nhiều ánh sáng.",,Dễ chăm sóc,Nắng trực tiếp,Tưới nước 1 lần/ngày,Chiều cao 100 – 140 cm,,,,,,,,,,,,,,,,,,,,,,,,
CCNPLT0766,FRUI010,https://mowgarden.com/cay-sung-my-masui-dauphine-b5-chau-uom-frui010/,Cây sung Mỹ Masui Dauphine B5 chậu ươm FRUI010,,,Cây sung Mỹ Masui Dauphine B5,,280000,"Cây sung Mỹ rất thích hợp với khí hậu tại VN, nó là loại cây ưa nắng ấm, cần nhiều ánh sáng. Cây cho trái to, ăn nhiều mật nhiều hơn những dòng phổ thông các và có độ mọng và thơm, rất giàu dinh dưỡng.",,Dễ chăm sóc,Nắng trực tiếp,Tưới nước 1 lần/ngày,Chiều cao 20 – 30 cm,,,,,,,,,,,,,,,,,,,,,,,,
CCNPLT0767,FRUI009,https://mowgarden.com/cay-oi-le-dai-loan-chau-uom-frui009/,Cây ổi lê Đài Loan chậu ươm FRUI009,,,Cây ổi lê Đài Loan,,180000,"Cây ổi lê Đài Loan cho trái tựa hình quả Lê, giòn giòn thơm ngon, vị ngọt mát, cùi dầy, rất ít hạt và hạt mềm, quả to trung bình 3 quả/kg. Cây rất dễ trồng, không kén đất và có thời gian cho trái sớm với tỷ lệ đậu trái cao, cho thu hoạch quanh năm.",,Dễ chăm sóc,Nắng trực tiếp,Tưới nước 1 lần/ngày,Chiều cao 90 – 100 cm,,,,,,,,,,,,,,,,,,,,,,,,
CCNPLT0768,FRUI008,https://mowgarden.com/cay-coc-thai-lan-chau-uom-frui008/,Cây cóc Thái Lan trái nhỏ chậu ươm FRUI008,,,Cây cóc Thái,,250000,"Trái Cóc Thái nhỏ so với Cóc Ta,có thể ăn được trái non lẫn trái già đều được. Nếu ăn trái non thì hạt cóc rất mềm và nhỏ, khi trái già sẽ có hạt. Vị cóc Thái hơi chua và giòn, rất giàu Vitamin.",,Dễ chăm sóc,Nắng trực tiếp,Tưới nước 1 lần/ngày,Chiều cao 80 – 90 cm,,,,,,,,,,,,,,,,,,,,,,,,
CCNPLT0769,FRUI007,https://mowgarden.com/cay-vu-sua-lo-ren-chau-uom-frui007/,Cây vú sữa Lò Rèn chậu ươm FRUI007,,,Cây vú sữa hoàng kim,,90000,Cây vú sữa hoàng kim là loại cây ăn tái thích hợp trồng nơi có nhiều ánh sáng và thoáng mát như sân vườn để tạo bóng mát và để lấy trái. Cây cần được tưới nước thường xuyên để luôn xanh tốt.,,Dễ chăm sóc,Nắng trực tiếp,Tưới nước 1 lần/ngày,Chiều cao 50 – 60 cm,,,,,,,,,,,,,,,,,,,,,,,,
CCNPLT0770,FRUI006,https://mowgarden.com/cay-vu-sua-hoang-kim-chau-uom-frui006/,Cây vú sữa hoàng kim chậu ươm FRUI006,,,Cây vú sữa hoàng kim,,300000,Cây vú sữa hoàng kim là loại cây ăn tái thích hợp trồng nơi có nhiều ánh sáng và thoáng mát như sân vườn để tạo bóng mát và để lấy trái. Cây cần được tưới nước thường xuyên để luôn xanh tốt.,,Dễ chăm sóc,Nắng trực tiếp,Tưới nước 1 lần/ngày,Chiều cao 50 – 60 cm,,,,,,,,,,,,,,,,,,,,,,,,
CCNPLT0771,FRUI005,https://mowgarden.com/cay-chanh-cam-thach-chau-uom-frui005/,Cây chanh cẩm thạch chậu ươm FRUI005,,,Cây chanh cẩm thạch,,250000,Cây mận đỏ An Phước là loại cây ăn tái thích hợp trồng nơi có nhiều ánh sáng và thoáng mát như sân vườn để tạo bóng mát và để lấy trái. Cây cần được tưới nước thường xuyên để luôn xanh tốt.,,Dễ chăm sóc,Nắng trực tiếp,Tưới nước 1 lần/ngày,Chiều cao 60 – 70 cm,,,,,,,,,,,,,,,,,,,,,,,,
CCNPLT0772,FRUI004,https://mowgarden.com/cay-man-do-an-phuoc-chau-uom-frui004/,Cây mận đỏ An Phước chậu ươm FRUI004,,,Cây mận đỏ an phước,,160000,Cây mận đỏ An Phước là loại cây ăn tái thích hợp trồng nơi có nhiều ánh sáng và thoáng mát như sân vườn để tạo bóng mát và để lấy trái. Cây cần được tưới nước thường xuyên để luôn xanh tốt.,,Dễ chăm sóc,Nắng trực tiếp,Tưới nước 1 lần/ngày,Chiều cao 60 – 70 cm,,,,,,,,,,,,,,,,,,,,,,,,
CCNPLT0773,FRUI003,https://mowgarden.com/cay-man-xanh-tam-hoa-chau-uom-frui003/,Cây mận xanh tam hoa chậu ươm FRUI003,,,Cây mận xanh tam hoa,,200000,Cây mận xanh tam hoa là loại cây ăn tái thích hợp trồng nơi có nhiều ánh sáng và thoáng mát như sân vườn để tạo bóng mát và để lấy trái. Cây cần được tưới nước thường xuyên để luôn xanh tốt.,,Dễ chăm sóc,Nắng trực tiếp,Tưới nước 1 lần/ngày,Chiều cao 40 – 60 cm,,,,,,,,,,,,,,,,,,,,,,,,
CCNPLT0774,FRUI002,https://mowgarden.com/cay-chanh-vang-my-eureka-chau-uom-frui002/,Cây chanh vàng mỹ Eureka chậu ươm FRUI002,,,Cây chanh vàng Mỹ,,250000,Cây chanh vàng loại cây có múi thích hợp trồng nơi có nhiều ánh sáng và thoáng mát như sân vườn để tạo bóng mát và để lấy trái. Cây cần được tưới nước thường xuyên để luôn xanh tốt.,,Dễ chăm sóc,Nắng trực tiếp,Tưới nước 1 lần/ngày,Chiều cao 40 – 60 cm,,,,,,,,,,,,,,,,,,,,,,,,
CCNPLT0775,FRUI001,https://mowgarden.com/cay-buoi-da-xanh-chau-uom-frui001/,Cây bưởi da xanh chậu ươm FRUI001,,,Cây bưởi da xanh,,250000,"Cây bưởi da xanh loại cây có múi được trồng rất phổ biến tại nước ta, thích hợp trồng nơi có nhiều ánh sáng và thoáng mát như sân vườn để tạo bóng mát và để lấy trái. Cây cần được tưới nước thường xuyên để luôn xanh tốt.",,Rất dễ chăm sóc,Nắng trực tiếp,Tưới nước 1 lần/ngày,Chiều cao 60 – 80 cm,,,,,,,,,,,,,,,,,,,,,,,,
CCNPLT0776,CHPD002,https://mowgarden.com/cay-huyet-phat-du-chau-gom-de-ban-chpd002/,Cây huyết phất dụ chậu sứ để bàn CHPD002,Cordyline fruticosa,Cây ánh dương,,,350000,"Là cây thân gỗ mọc theo bụi thường xanh, dáng thân và tán lá rất đẹp thu hút người nhìn.","• Kích thước chậu: 20x20cm (DxC)
• Chiều cao tổng 40 – 50 cm",Dễ chăm sóc,"Nắng tán xạ, chịu được nắng trực tiếp",Tưới nước 2 – 3 lần/tuần,,,,,,,,,,,,,,,,,,,,,,,,,
CCNPLT0777,,https://mowgarden.com/cay-mai-xanh-thai-lan/,Cây Mai Xanh Thái Lan Petrea volubilis,Petrea volubilis,,Mai Xanh Thái,,125000,"Mặc dù được gọi Mai Thái Xanh nhưng lại có hoa màu tím lavender đầy lãng mạn và cuốn hút. Giống cây này dù chỉ mới được du nhập về Việt Nam vài năm gần đây nhưng đã nhanh chóng được nhiều người ưu chuộng lựa chọn, bởi không chỉ có sức sống khỏe, phát triển nhanh, ít sâu bệnh, lại còn rất sai hoa và lâu tàn.",,Rất dễ chăm sóc,Nắng trực tiếp,Tưới nước mỗi ngày,"Chậu C7: 60 – 120cm
Chậu C8: 120 – 180cm
Chậu C10: 120 – 200cm
Chậu C11: 160 – 220cm
Chậu C12: 160 – 240cm
Chậu C13: 240 – 320cm
Chậu C15: 240 – 320cm",,,,,,,,,,,,,,,,,,,,,,,,
CCNPLT0778,,https://mowgarden.com/cay-bang-dai-loan-cam-thach-chau-xi-mang-bubu003/,Cây bàng Đài Loan cẩm thạch chậu xi măng BUBU003,Bucida Buceras Variegated,,Bàng Đài Loan cẩm thạch,,550000,"Cây Bàng Đài Loan Cẩm Thạch có lá nhỏ xinh và sắc xanh, viền trắng hồng rất khác biệt và nổi bật, giúp không gian trở nên độc đáo và sang trọng","• Kích thước chậu: 30×30 cm (DxC)
• Chiều cao tổng: 80 – 100 cm",Dễ chăm sóc,Nắng trực tiếp / Nắng tán xạ,Tưới nước 2 – 3 lần/tuần,,,,,,,,,,,,,,,,,,,,,,,,,
CCNPLT0779,HIBI001,https://mowgarden.com/cay-hoa-dam-but-thai/,Cây hoa dâm bụt Thái chậu ươm HIBI001,Hibiscus rosa-senensis,,Hoa dâm bụt Thái,,100000,Đế,Chiều cao: 30 – 40cm,Dễ chăm sóc,Nắng trực tiếp (thời lượng 6–8h/ngày),Tưới nước hằng ngày,,,,,,,,,,,,,,,,,,,,,,,,,
CCNPLT0780,MURA001,https://mowgarden.com/cay-hoa-nguyet-que/,Cây hoa nguyệt quế chậu ươm MURA001,Murraya paniculata,Cây nguyệt quế,,,250000,"Cây hoa nguyệt quế loại cây trồng hàng rào rất phổ biến bởi nó có sức sống rất mãnh liệt, không cần tốn nhiều công chăm sóc mà vẫn xanh tốt. Cây ắc ó thuộc loại thân gỗ lớn, sống lâu năm, có hoa rất thơm.",Chiều cao 80 – 100 cm,Rất dễ chăm sóc,Nắng tán xạ,"Ít nước, 2 – 3 lần/tuần",,,,,,,,,,,,,,,,,,,,,,,,,
CCNPLT0781,HYME001,https://mowgarden.com/cay-bach-trinh-bien-chau-uom-nho-hyme001/,Cây bạch trinh biển chậu ươm nhỏ HYME001,Hymenocallis littoralis,Cây bạch trinh biển,,,15000,"Cây bạch trinh biển là loài cây có sức sống mạnh liệt, liên tục phát triển nhánh mới, ra hoa trắng xinh quanh năm và sống lâu năm nên thường được chọn để trồng tạo cảnh quan xanh mát.",Chiều cao 10 – 15 cm,Rất dễ chăm sóc,Nắng tán xạ,"Ít nước, 2 – 3 lần/tuần",,,,,,,,,,,,,,,,,,,,,,,,,
CCNPLT0782,WRIG001,https://mowgarden.com/cay-mai-chi-thien/,Cây mai chỉ thiên nhỏ chậu ươm WRIG001,,Cây mai chỉ thiên,,Wrighta antidysenterica,40000,"Cây thường xuân có bộ lá xanh tươi tốt, hình dáng ấn tượng giúp mang lại không gian xanh mát. Đây là dòng cây dễ chăm đang là “trend” được nhiều người lựa chọn trồng trang trí vườn rất đẹp.",,Dễ chăm sóc,Nhiều ánh sáng / Nắng trực tiếp,"Nhiều nước, 1 lần/ngày",Chiều cao 40cm,,,,,,,,,,,,,,,,,,,,,,,,
CCNPLT0783,,https://mowgarden.com/cay-tram-bong-do/,Cây Tràm Bông Đỏ,"Callistemon citrinus, Callistemon lanceolatus",,"Tràm liễu, Tràm bông đỏ, Liễu đỏ",,800000,,,,,,,,,,,,,,,,,,,,,,,,,,Myrtaceae (Sim),2 – 4 m,,,
CCNPLT0784,,https://mowgarden.com/cay-truc-quan-tu/,Cây Trúc Quân Tử Bambusa multiplex,Bambusa multiplex,,Trúc quân tử,,125000,"Trúc Quân Tử là một loại cây ngoại cảnh được trồng thành khóm để trang trí sân vườn, hàng rào, sát tường hoặc dọc lối đi vào nhà giúp tạo không gian xanh mát, tô điểm thêm cho ngôi nhà và mang những ý nghĩa tốt đẹp trong phong thủy.",,Rất dễ chăm sóc,Nắng trực tiếp,Tưới nước mỗi ngày,"Cỡ trung: 180 – 220 cm
Cớ lớn: 240 – 300 cm",,,,,,,,,,,,,,,,,,,,,,,,
CCNPLT0785,ACAN001,https://mowgarden.com/cay-ac-o-trong-hang-rao/,Cây ắc ó trồng hàng rào chậu ươm nhỏ ACAN001,Acanthus integrifolius,Cây ắc ó,,,5000,"Cây ắc ó là loại cây trồng hàng rào rất phổ biến bởi nó có sức sống rất mãnh liệt, không cần tốn nhiều công chăm sóc mà vẫn xanh tốt. Cây ắc ó thuộc loại thân gỗ nhỏ, có chiều cao trung bình từ 1 – 2m, là màu xanh bóng rất đẹp mắt.",Chiều cao 20 – 30 cm,Rất dễ chăm sóc,Nắng tán xạ,"Ít nước, 2 – 3 lần/tuần",,,,,,,,,,,,,,,,,,,,,,,,,
CCNPLT0786,JASM001,https://mowgarden.com/cay-hoa-lai-ta-chau-uom-nho/,Cây hoa lài ta chậu ươm nhỏ JASM001,Jasminum sambac Ait,Cây hoa lài ta / hoa nhài ta,,,50000,"Cây lài ta loại cây trồng hàng rào rất phổ biến bởi nó có sức sống rất mãnh liệt, không cần tốn nhiều công chăm sóc mà vẫn xanh tốt. Cây ắc ó thuộc loại thân gỗ nhỏ, có chiều cao trung bình từ 1 – 2m, là màu xanh bóng rất đẹp mắt.",Chiều cao 35 – 40 cm,Rất dễ chăm sóc,Nắng tán xạ,"Ít nước, 2 – 3 lần/tuần",,,,,,,,,,,,,,,,,,,,,,,,,
CCNPLT0787,,https://mowgarden.com/cay-tuyet-son-phi-hong-co-trung-chau-uom-leuc002/,Cây tuyết sơn phi hồng cỡ trung chậu ươm LEUC002,Leucophyllum frutescens,,Cây tuyết sơn phi hồ,,180000,"Tuyết sơn phi hồ là loại cây cho ra hoa màu hồng đậm, rất sai hoa, chịu được nắng nóng, thường ra hoa vào mùa xuân, mùa hè tới mùa thu. Tùy vào mức độ già mà cây có thể ra hoa 1 – 2 tháng/ lần.",,Dễ chăm sóc,Nắng trực tiếp / Nắng tán xạ,Tưới nước 1 lần/ngày,Chiều cao 50 – 60 cm,,,,,,,,,,,,,,,,,,,,,,,,
CCNPLT0788,,https://mowgarden.com/cay-chuoi-ngoc/,Cây Chuỗi Ngọc,Duranta repens,,"Cây chuỗi ngọc, cây chuỗi ngọc vàng, cây thanh quan, cây rìa xanh, cây dâm xanh, cây Chim chích, Cây chuỗi xanh",,12000,,,,,,,,,,,,,,,,,,,,,,,,,,,0.2 – 3 m,,,
CCNPLT0789,,https://mowgarden.com/cay-bo-cap-vang/,Cây Bò Cạp Vàng,Cassia fistula L,,"Bò Cạp Vàng, Bò cạp nước, Muồng Hoàng yến, Lồng đèn, Hoàng hậu (hạ), Mai dây, Cây xuân muộn, Mai nở muộn",,4500000,,,,,,,,,,,,,,,,,,,,,,,,,,Caesalpinioideae (họ Vang) phân họ của họ Đậu (Fabaceae),4 – 6m,15 – 20cm,,
CCNPLT0790,,https://mowgarden.com/cay-buom-hong/,Cây Bướm Hồng,Mussaenda erythrophylla (rosea),,"Cây bướm hồng, cây hoa én hồng, cây hoa bướm bướm hồng",,45000,,,,,,,,,,,,,,,,,,,,,,,,,,,"0,3 –  0,5 m",,,
CCNPLT0791,,https://mowgarden.com/co-nhung-nhat/,Cỏ Nhung Nhật,Zoysia japonoca,,Cỏ nhung Nhật / Cỏ thảm,,50000,"Cỏ nhung Nhật là loại cỏ thảm thường được sử dụng cho sân vườn biệt thự, sân vận động, công viên, khu vui chơi,… Loại cỏ này có đặc điểm lá rất mềm mịn, tuy nhỏ nhưng gây kích ứng, rất thân thiện với con người.",100×100 cm (một mét vuông),Dễ chăm sóc,Ngoài trời,Tưới nước mỗi ngày,,,,,,,,,,,,,,,,,,,,,,,,,
CCNPLT0792,,https://mowgarden.com/cay-ken-hong/,Cây Kèn Hồng,Tabebuia rosea,,,,1050000,,,,,,,,,,,,,,,,,,,,,,,,,,,3 – 5 m,10 – 12 cm,Bignoniaceae ( Đinh),
CCNPLT0793,,https://mowgarden.com/cay-cuc-tan-an-do/,Cây Cúc Tần Ấn Độ Vernonia elliptica,Vernonia elliptica,,Cúc tần ấn độ,,25000,"Cúc Tần Ấn Độ là loại cây dây leo thân mềm có sức sống mạnh mẽ, phát triển nhanh và ít sâu bệnh. Rất thích hợp để trồng tạo cảnh quan trên ban công, sân thượng, cao tầng… Với tác dụng như tấm màn che tự nhiên, tô điểm cho ngôi nhà thêm xanh tươi, mát mẻ và trong lành hơn.",,Rất dễ chăm sóc,Nắng trực tiếp,Tưới nước mỗi ngày,"• Cỡ nhỏ: Cao 60 – 80 cm
• Cỡ trung: Cao 80 – 100 cm
• Cỡ lớn: Cao 100 – 120 cm",,,,,,,,,,,,,,,,,,,,,,,,
CCNPLT0794,,https://mowgarden.com/cay-chuong-vang/,Cây Chuông Vàng,Tabebuia argentea,,Cây chuông vàng,,1800000,,,,,,,,,,,,,,,,,,,,,,,,,,Bignoniaceae (Núc nác),2.5 – 3.5 m,,,8 – 10 cm
CCNPLT0795,FICU059,https://mowgarden.com/cay-da-tam-phuc-mot-than-chau-uom-ficu059/,Cây đa tam phúc một thân chậu ươm FICU059,,,,,380000,Ficus Triangularis Variegata còn gọi là Si Thái cẩm thạch hay Đa tam phúc.,,,,,,,,,,,,,,,,,,,,,,,,,,,,,
CCNPLT0796,FRUI012,https://mowgarden.com/cay-chanh-day-chau-uom-frui012/,Cây chanh dây chậu ươm FRUI012,,,Cây chanh dây,,140000,"Cây chanh dây (chanh leo) là loại dây leo phát triển rất mạnh, khi trái chín sẽ chuyển từ màu xanh sang vào tím tía, có vị ngọt nhẹ hơi chua.",,Dễ chăm sóc,Nắng trực tiếp,Tưới nước 1 lần/ngày,Chiều cao 60 – 80 cm,,,,,,,,,,,,,,,,,,,,,,,,
CCNPLT0797,,https://mowgarden.com/day-cuc-tan-an-do-day-doi-ten-day-bac-dau-bau-duc/,Dây Cúc Tần Ấn Độ/ Dây Dọi Tên/ Dây Bạc Đầu Bầu Dục,,,,,55000,,,,,,,,,,,,,,,,,,,,,,,,,,,,,,
CCNPLT0798,,https://mowgarden.com/day-thien-ly-hoa-da-ly-huong-cao-70-cm/,Dây Thiên Lý/ Hoa Dạ Lý Hương – Cao 70 Cm,,,,,84000,,,,,,,,,,,,,,,,,,,,,,,,,,,,,,
CCNPLT0799,,https://mowgarden.com/day-su-quan-tu-cay-trang-leo/,Dây Sử Quân Tử/ Cây Trang Leo,,,,,330000,,,,,,,,,,,,,,,,,,,,,,,,,,,,,,
CCNPLT0800,,https://mowgarden.com/day-tigon-cao-80-cm/,Dây Tigon – Cao 80 Cm,,,,,138000,,,,,,,,,,,,,,,,,,,,,,,,,,,,,,
CCNPLT0801,,https://mowgarden.com/day-than-lan-bam-tuong/,Dây Thằn Lằn Bám Tường,,,,,35000,,,,,,,,,,,,,,,,,,,,,,,,,,,,,,
CCNPLT0802,,https://mowgarden.com/day-hong-anh-cao-36cm/,Dây Hồng Anh – Cao 36cm,,,,,84000,,,,,,,,,,,,,,,,,,,,,,,,,,,,,,
